age_group,hour,room,avg_minutes_per_day,avg_hours_per_day,weighted_respondents,unweighted_respondents,share_of_hour
18-24,0,Sleep,50.022544823694844,0.8337090803949141,10717529189.496117,372,0.833709080394914
18-24,0,Work,0.37064550744196684,0.006177425124032781,10717529189.496117,372,0.00617742512403278
18-24,0,Education,0.6776456575269093,0.011294094292115154,10717529189.496117,372,0.011294094292115154
18-24,0,Household Activities,0.0508241172131902,0.0008470686202198366,10717529189.496117,372,0.0008470686202198365
18-24,0,Leisure,8.327712742659218,0.13879521237765363,10717529189.496117,372,0.1387952123776536
18-24,0,Caregiving,0.04737653234597221,0.0007896088724328701,10717529189.496117,372,0.00078960887243287
18-24,0,Travel,0.5032506191179072,0.008387510318631787,10717529189.496117,372,0.008387510318631787
18-24,1,Sleep,54.7380012194051,0.9123000203234183,10717529189.496117,372,0.9123000203234183
18-24,1,Work,0.43825506848767903,0.007304251141461317,10717529189.496117,372,0.007304251141461317
18-24,1,Education,0.20282836178849742,0.003380472696474957,10717529189.496117,372,0.003380472696474957
18-24,1,Household Activities,0.17271930830910573,0.0028786551384850953,10717529189.496117,372,0.0028786551384850953
18-24,1,Leisure,4.407639856142906,0.07346066426904845,10717529189.496117,372,0.07346066426904845
18-24,1,Caregiving,0.008346527250438556,0.00013910878750730927,10717529189.496117,372,0.00013910878750730927
18-24,1,Travel,0.032209658616275894,0.0005368276436045982,10717529189.496117,372,0.0005368276436045982
18-24,2,Sleep,56.53566211739848,0.9422610352899746,10717529189.496117,372,0.9422610352899746
18-24,2,Work,0.43825506848767903,0.007304251141461317,10717529189.496117,372,0.007304251141461317
18-24,2,Education,0.13864619596483427,0.002310769932747238,10717529189.496117,372,0.002310769932747238
18-24,2,Household Activities,0.24682407500761985,0.004113734583460331,10717529189.496117,372,0.004113734583460331
18-24,2,Leisure,2.6406125431413905,0.04401020905235651,10717529189.496117,372,0.04401020905235651
18-24,3,Sleep,57.50965890468554,0.9584943150780922,10717529189.496117,372,0.9584943150780921
18-24,3,Work,0.37756647204642224,0.006292774534107037,10717529189.496117,372,0.0062927745341070365
18-24,3,Education,0.07446403014117112,0.0012410671690195186,10717529189.496117,372,0.0012410671690195184
18-24,3,Household Activities,0.2791107259920534,0.00465184543320089,10717529189.496117,372,0.004651845433200889
18-24,3,Leisure,1.6943379136253895,0.028238965227089827,10717529189.496117,372,0.028238965227089824
18-24,3,Caregiving,0.04821797447279042,0.0008036329078798404,10717529189.496117,372,0.0008036329078798403
18-24,3,Travel,0.01664397903663994,0.00027739965061066566,10717529189.496117,372,0.00027739965061066566
18-24,4,Sleep,56.19118164277138,0.9365196940461897,10717529189.496117,372,0.9365196940461896
18-24,4,Work,1.2713472781149744,0.02118912130191624,10717529189.496117,372,0.021189121301916237
18-24,4,Education,0.025247349458828647,0.0004207891576471441,10717529189.496117,372,0.00042078915764714406
18-24,4,Household Activities,0.32823862310068164,0.005470643718344694,10717529189.496117,372,0.0054706437183446935
18-24,4,Leisure,1.8212463106538064,0.03035410517756344,10717529189.496117,372,0.030354105177563435
18-24,4,Caregiving,0.043709088888089546,0.0007284848148014924,10717529189.496117,372,0.0007284848148014924
18-24,4,Travel,0.31902970701224226,0.005317161783537371,10717529189.496117,372,0.00531716178353737
18-24,5,Sleep,53.64302998775389,0.8940504997958982,10717529189.496117,372,0.8940504997958982
18-24,5,Work,2.2014483890302086,0.03669080648383681,10717529189.496117,372,0.03669080648383681
18-24,5,Household Activities,0.23867592366782375,0.003977932061130396,10717529189.496117,372,0.003977932061130396
18-24,5,Leisure,2.3898019254073106,0.03983003209012184,10717529189.496117,372,0.03983003209012184
18-24,5,Caregiving,0.24821213607903317,0.004136868934650552,10717529189.496117,372,0.004136868934650552
18-24,5,Travel,1.2788316380617366,0.02131386063436228,10717529189.496117,372,0.02131386063436228
18-24,6,Sleep,49.95723219510279,0.8326205365850465,10717529189.496117,372,0.8326205365850465
18-24,6,Work,3.8642867264054144,0.06440477877342357,10717529189.496117,372,0.06440477877342357
18-24,6,Education,0.25548088357424686,0.004258014726237448,10717529189.496117,372,0.004258014726237448
18-24,6,Household Activities,1.1347674088057669,0.01891279014676278,10717529189.496117,372,0.01891279014676278
18-24,6,Leisure,2.9818240965215654,0.04969706827535943,10717529189.496117,372,0.04969706827535943
18-24,6,Caregiving,0.2964119708614105,0.004940199514356842,10717529189.496117,372,0.004940199514356842
18-24,6,Travel,1.5099967187288037,0.025166611978813393,10717529189.496117,372,0.025166611978813393
18-24,7,Sleep,40.864187859795344,0.6810697976632557,10717529189.496117,372,0.6810697976632556
18-24,7,Work,6.8879355285116874,0.1147989254751948,10717529189.496117,372,0.11479892547519478
18-24,7,Education,1.5567175799162467,0.02594529299860411,10717529189.496117,372,0.025945292998604107
18-24,7,Household Activities,2.374576240831827,0.039576270680530455,10717529189.496117,372,0.03957627068053045
18-24,7,Leisure,4.059742639995974,0.06766237733326624,10717529189.496117,372,0.06766237733326623
18-24,7,Caregiving,0.46564914166168,0.007760819027694666,10717529189.496117,372,0.0077608190276946655
18-24,7,Travel,3.7911910092872487,0.06318651682145414,10717529189.496117,372,0.06318651682145414
18-24,8,Sleep,28.2530445248761,0.47088407541460164,10717529189.496117,372,0.47088407541460164
18-24,8,Work,11.35010399434306,0.18916839990571768,10717529189.496117,372,0.18916839990571768
18-24,8,Education,4.650660212290604,0.07751100353817673,10717529189.496117,372,0.07751100353817673
18-24,8,Household Activities,3.322990770978257,0.05538317951630429,10717529189.496117,372,0.05538317951630429
18-24,8,Leisure,7.414086400183286,0.12356810666972143,10717529189.496117,372,0.12356810666972143
18-24,8,Caregiving,2.073618485036995,0.03456030808394992,10717529189.496117,372,0.03456030808394992
18-24,8,Travel,2.935495612291698,0.0489249268715283,10717529189.496117,372,0.0489249268715283
18-24,9,Sleep,20.557008709257197,0.34261681182095327,10717529189.496117,372,0.3426168118209533
18-24,9,Work,13.692373855572187,0.22820623092620312,10717529189.496117,372,0.22820623092620315
18-24,9,Education,7.124900987238363,0.11874834978730606,10717529189.496117,372,0.11874834978730607
18-24,9,Household Activities,5.2373170398914235,0.08728861733152372,10717529189.496117,372,0.08728861733152374
18-24,9,Leisure,8.975223284536826,0.14958705474228043,10717529189.496117,372,0.14958705474228046
18-24,9,Caregiving,1.8283145842952677,0.030471909738254463,10717529189.496117,372,0.030471909738254466
18-24,9,Travel,2.584861539208731,0.04308102565347885,10717529189.496117,372,0.043081025653478856
18-24,10,Sleep,12.026360151972408,0.2004393358662068,10717529189.496117,372,0.20043933586620677
18-24,10,Work,14.97744418844531,0.24962406980742183,10717529189.496117,372,0.2496240698074218
18-24,10,Education,8.400372411924065,0.14000620686540108,10717529189.496117,372,0.14000620686540108
18-24,10,Household Activities,5.488579783881254,0.09147632973135424,10717529189.496117,372,0.09147632973135422
18-24,10,Leisure,13.867376901242087,0.2311229483540348,10717529189.496117,372,0.23112294835403477
18-24,10,Caregiving,1.7240748778832242,0.028734581298053737,10717529189.496117,372,0.028734581298053733
18-24,10,Travel,3.515791684651656,0.0585965280775276,10717529189.496117,372,0.05859652807752759
18-24,11,Sleep,8.267286616970138,0.13778811028283564,10717529189.496117,372,0.13778811028283564
18-24,11,Work,14.045042294598835,0.23408403824331392,10717529189.496117,372,0.23408403824331392
18-24,11,Education,7.945243493836594,0.13242072489727658,10717529189.496117,372,0.13242072489727658
18-24,11,Household Activities,6.703979308532696,0.11173298847554493,10717529189.496117,372,0.11173298847554493
18-24,11,Leisure,17.033426937190587,0.28389044895317644,10717529189.496117,372,0.28389044895317644
18-24,11,Caregiving,1.9274366495836661,0.03212394415972777,10717529189.496117,372,0.03212394415972777
18-24,11,Travel,4.077584699287489,0.06795974498812482,10717529189.496117,372,0.06795974498812482
18-24,12,Sleep,6.542928553759478,0.10904880922932464,10717529189.496117,372,0.10904880922932464
18-24,12,Work,13.562053514615487,0.22603422524359146,10717529189.496117,372,0.22603422524359146
18-24,12,Education,6.758023372785356,0.11263372287975594,10717529189.496117,372,0.11263372287975594
18-24,12,Household Activities,6.4838528681319945,0.10806421446886658,10717529189.496117,372,0.10806421446886658
18-24,12,Leisure,20.044979563262878,0.33408299272104797,10717529189.496117,372,0.33408299272104797
18-24,12,Caregiving,2.3480111335154468,0.03913351889192411,10717529189.496117,372,0.03913351889192411
18-24,12,Travel,4.260150993929362,0.07100251656548937,10717529189.496117,372,0.07100251656548937
18-24,13,Sleep,5.4846696307431175,0.09141116051238529,10717529189.496117,372,0.09141116051238529
18-24,13,Work,15.850161148791997,0.2641693524798666,10717529189.496117,372,0.2641693524798666
18-24,13,Education,6.843164814164069,0.1140527469027345,10717529189.496117,372,0.1140527469027345
18-24,13,Household Activities,8.84045502526049,0.14734091708767483,10717529189.496117,372,0.14734091708767483
18-24,13,Leisure,17.73838833854434,0.29563980564240566,10717529189.496117,372,0.29563980564240566
18-24,13,Caregiving,1.7400852792202106,0.029001421320336843,10717529189.496117,372,0.029001421320336843
18-24,13,Travel,3.5030757632757763,0.05838459605459627,10717529189.496117,372,0.05838459605459627
18-24,14,Sleep,5.719095536937153,0.09531825894895254,10717529189.496117,372,0.09531825894895254
18-24,14,Work,16.765063861888535,0.2794177310314756,10717529189.496117,372,0.2794177310314756
18-24,14,Education,5.808181929999801,0.09680303216666335,10717529189.496117,372,0.09680303216666335
18-24,14,Household Activities,7.7163644257984005,0.12860607376330668,10717529189.496117,372,0.12860607376330668
18-24,14,Leisure,17.36122544721903,0.2893537574536505,10717529189.496117,372,0.2893537574536505
18-24,14,Caregiving,2.4343667524745043,0.0405727792079084,10717529189.496117,372,0.0405727792079084
18-24,14,Travel,4.195702045682573,0.06992836742804288,10717529189.496117,372,0.06992836742804288
18-24,15,Sleep,5.988237826236498,0.0998039637706083,10717529189.496117,372,0.0998039637706083
18-24,15,Work,15.634635422123623,0.2605772570353937,10717529189.496117,372,0.2605772570353937
18-24,15,Education,4.740504089033122,0.07900840148388537,10717529189.496117,372,0.07900840148388537
18-24,15,Household Activities,6.910209845556756,0.1151701640926126,10717529189.496117,372,0.1151701640926126
18-24,15,Leisure,20.06661256168055,0.33444354269467585,10717529189.496117,372,0.33444354269467585
18-24,15,Caregiving,2.3595119054086444,0.039325198423477405,10717529189.496117,372,0.039325198423477405
18-24,15,Travel,4.300288349960804,0.07167147249934673,10717529189.496117,372,0.07167147249934673
18-24,16,Sleep,4.969689456616288,0.08282815761027146,10717529189.496117,372,0.08282815761027146
18-24,16,Work,11.754132188168978,0.19590220313614962,10717529189.496117,372,0.19590220313614962
18-24,16,Education,3.7810398487932746,0.06301733081322124,10717529189.496117,372,0.06301733081322124
18-24,16,Household Activities,7.645258581101641,0.127420976351694,10717529189.496117,372,0.127420976351694
18-24,16,Leisure,23.521176517564857,0.39201960862608093,10717529189.496117,372,0.39201960862608093
18-24,16,Caregiving,1.6797348827716052,0.027995581379526752,10717529189.496117,372,0.027995581379526752
18-24,16,Travel,6.648968524983356,0.11081614208305594,10717529189.496117,372,0.11081614208305594
18-24,17,Sleep,4.748417307612498,0.0791402884602083,10717529189.496117,372,0.0791402884602083
18-24,17,Work,9.101044001236552,0.15168406668727588,10717529189.496117,372,0.15168406668727588
18-24,17,Education,3.134907937839364,0.05224846563065607,10717529189.496117,372,0.05224846563065607
18-24,17,Household Activities,8.846105551131705,0.14743509251886175,10717529189.496117,372,0.14743509251886175
18-24,17,Leisure,25.972291001769413,0.43287151669615687,10717529189.496117,372,0.43287151669615687
18-24,17,Caregiving,1.6890109928801913,0.028150183214669854,10717529189.496117,372,0.028150183214669854
18-24,17,Travel,6.508223207530276,0.10847038679217126,10717529189.496117,372,0.10847038679217126
18-24,18,Sleep,4.7938460198590125,0.07989743366431687,10717529189.496117,372,0.07989743366431687
18-24,18,Work,6.368471473460261,0.10614119122433768,10717529189.496117,372,0.10614119122433768
18-24,18,Education,2.398076936347005,0.039967948939116746,10717529189.496117,372,0.039967948939116746
18-24,18,Household Activities,8.186912266714696,0.13644853777857827,10717529189.496117,372,0.13644853777857827
18-24,18,Leisure,31.72110693007701,0.5286851155012835,10717529189.496117,372,0.5286851155012835
18-24,18,Caregiving,1.2880571562621568,0.021467619271035947,10717529189.496117,372,0.021467619271035947
18-24,18,Travel,5.243529217279858,0.08739215362133096,10717529189.496117,372,0.08739215362133096
18-24,19,Sleep,4.835478843071294,0.08059131405118823,10717529189.496117,372,0.08059131405118822
18-24,19,Work,5.574469795896172,0.09290782993160286,10717529189.496117,372,0.09290782993160285
18-24,19,Education,2.8352891912141502,0.04725481985356917,10717529189.496117,372,0.04725481985356916
18-24,19,Household Activities,5.79511645777756,0.09658527429629267,10717529189.496117,372,0.09658527429629266
18-24,19,Leisure,36.32052252050222,0.6053420420083704,10717529189.496117,372,0.6053420420083703
18-24,19,Caregiving,1.8375150450535351,0.03062525075089225,10717529189.496117,372,0.030625250750892247
18-24,19,Travel,2.8016081464850697,0.046693469108084494,10717529189.496117,372,0.04669346910808449
18-24,20,Sleep,8.858251638871922,0.14763752731453203,10717529189.496117,372,0.147637527314532
18-24,20,Work,4.413762099905103,0.07356270166508505,10717529189.496117,372,0.07356270166508504
18-24,20,Education,3.5661164819582907,0.059435274699304846,10717529189.496117,372,0.05943527469930484
18-24,20,Household Activities,4.533234891612828,0.0755539148602138,10717529189.496117,372,0.07555391486021379
18-24,20,Leisure,33.596612248411766,0.5599435374735294,10717529189.496117,372,0.5599435374735293
18-24,20,Caregiving,1.6858576823144658,0.028097628038574428,10717529189.496117,372,0.028097628038574424
18-24,20,Travel,3.346164956925626,0.055769415948760434,10717529189.496117,372,0.05576941594876043
18-24,21,Sleep,15.964873461214475,0.26608122435357456,10717529189.496117,372,0.26608122435357456
18-24,21,Work,2.8009744686066345,0.04668290781011057,10717529189.496117,372,0.04668290781011057
18-24,21,Education,2.681549474337181,0.04469249123895302,10717529189.496117,372,0.04469249123895302
18-24,21,Household Activities,3.686578173649336,0.06144296956082227,10717529189.496117,372,0.06144296956082227
18-24,21,Leisure,31.167482525614744,0.519458042093579,10717529189.496117,372,0.519458042093579
18-24,21,Caregiving,1.2107985532726815,0.020179975887878024,10717529189.496117,372,0.020179975887878024
18-24,21,Travel,2.4877433433049454,0.04146238905508242,10717529189.496117,372,0.04146238905508242
18-24,22,Sleep,30.884197128765614,0.5147366188127602,10717529189.496117,372,0.5147366188127601
18-24,22,Work,1.6033550292733088,0.026722583821221814,10717529189.496117,372,0.02672258382122181
18-24,22,Education,1.008195954486839,0.016803265908113985,10717529189.496117,372,0.01680326590811398
18-24,22,Household Activities,1.4457230443516984,0.024095384072528307,10717529189.496117,372,0.024095384072528304
18-24,22,Leisure,23.251321347611757,0.38752202246019596,10717529189.496117,372,0.3875220224601959
18-24,22,Caregiving,0.5216291352049077,0.008693818920081796,10717529189.496117,372,0.008693818920081794
18-24,22,Travel,1.2855783603058812,0.021426306005098022,10717529189.496117,372,0.02142630600509802
18-24,23,Sleep,40.66271579679179,0.6777119299465297,10717529189.496117,372,0.6777119299465297
18-24,23,Work,0.9389847654508285,0.01564974609084714,10717529189.496117,372,0.01564974609084714
18-24,23,Education,1.1173519668907674,0.01862253278151279,10717529189.496117,372,0.01862253278151279
18-24,23,Household Activities,0.653703416830356,0.010895056947172601,10717529189.496117,372,0.0108950569471726
18-24,23,Leisure,15.352550914595536,0.2558758485765923,10717529189.496117,372,0.25587584857659224
18-24,23,Caregiving,0.43987221723231196,0.0073312036205385326,10717529189.496117,372,0.007331203620538532
18-24,23,Travel,0.8348209222084201,0.013913682036807002,10717529189.496117,372,0.013913682036807
25-34,0,Sleep,53.47298360028455,0.8912163933380758,16260255041.726114,1014,0.8912163933380758
25-34,0,Work,0.4016016550306837,0.0066933609171780616,16260255041.726114,1014,0.0066933609171780616
25-34,0,Education,0.06783275040030817,0.0011305458400051361,16260255041.726114,1014,0.0011305458400051361
25-34,0,Household Activities,0.3525891507530688,0.0058764858458844795,16260255041.726114,1014,0.0058764858458844795
25-34,0,Leisure,5.1679680762910944,0.08613280127151825,16260255041.726114,1014,0.08613280127151825
25-34,0,Caregiving,0.20573514751571653,0.003428919125261942,16260255041.726114,1014,0.003428919125261942
25-34,0,Travel,0.33128961972457543,0.005521493662076257,16260255041.726114,1014,0.005521493662076257
25-34,1,Sleep,56.620370783342956,0.9436728463890492,16260255041.726114,1014,0.9436728463890491
25-34,1,Work,0.3332334538754788,0.005553890897924647,16260255041.726114,1014,0.005553890897924647
25-34,1,Household Activities,0.13276613458055242,0.0022127689096758736,16260255041.726114,1014,0.002212768909675873
25-34,1,Leisure,2.4641424236651615,0.04106904039441936,16260255041.726114,1014,0.04106904039441935
25-34,1,Caregiving,0.22311368236439724,0.003718561372739954,16260255041.726114,1014,0.0037185613727399535
25-34,1,Travel,0.22637352217145654,0.003772892036190942,16260255041.726114,1014,0.0037728920361909416
25-34,2,Sleep,57.95293095321238,0.9658821825535396,16260255041.726114,1014,0.9658821825535396
25-34,2,Work,0.390475450640673,0.0065079241773445505,16260255041.726114,1014,0.0065079241773445505
25-34,2,Household Activities,0.03925949105274758,0.0006543248508791263,16260255041.726114,1014,0.0006543248508791263
25-34,2,Leisure,1.3570772289552002,0.022617953815920005,16260255041.726114,1014,0.022617953815920005
25-34,2,Caregiving,0.21007294155411602,0.0035012156925686004,16260255041.726114,1014,0.0035012156925686004
25-34,2,Travel,0.05018393458488525,0.0008363989097480875,16260255041.726114,1014,0.0008363989097480875
25-34,3,Sleep,58.30557675079752,0.971759612513292,16260255041.726114,1014,0.971759612513292
25-34,3,Work,0.49458304899927874,0.008243050816654645,16260255041.726114,1014,0.008243050816654645
25-34,3,Household Activities,0.06291657440215807,0.0010486095733693013,16260255041.726114,1014,0.0010486095733693013
25-34,3,Leisure,0.8694856793999487,0.014491427989999145,16260255041.726114,1014,0.014491427989999145
25-34,3,Caregiving,0.23801574339158993,0.003966929056526499,16260255041.726114,1014,0.003966929056526499
25-34,3,Travel,0.029422203009505005,0.0004903700501584168,16260255041.726114,1014,0.0004903700501584168
25-34,4,Sleep,55.25853868749214,0.9209756447915357,16260255041.726114,1014,0.9209756447915357
25-34,4,Work,1.0933587615593339,0.018222646025988897,16260255041.726114,1014,0.018222646025988897
25-34,4,Household Activities,0.34112248743995127,0.005685374790665855,16260255041.726114,1014,0.005685374790665855
25-34,4,Leisure,2.124908457132747,0.035415140952212446,16260255041.726114,1014,0.035415140952212446
25-34,4,Caregiving,0.6273851124447221,0.010456418540745367,16260255041.726114,1014,0.010456418540745367
25-34,4,Travel,0.5546864939311001,0.00924477489885167,16260255041.726114,1014,0.00924477489885167
25-34,5,Sleep,52.290724543465046,0.8715120757244175,16260255041.726114,1014,0.8715120757244176
25-34,5,Work,1.7691537860370083,0.02948589643395014,16260255041.726114,1014,0.029485896433950144
25-34,5,Household Activities,1.1092053831363822,0.01848675638560637,16260255041.726114,1014,0.018486756385606373
25-34,5,Leisure,2.897767436399624,0.04829612393999373,16260255041.726114,1014,0.04829612393999374
25-34,5,Caregiving,0.39708495316231074,0.006618082552705179,16260255041.726114,1014,0.00661808255270518
25-34,5,Travel,1.5360638977996226,0.025601064963327043,16260255041.726114,1014,0.025601064963327046
25-34,6,Sleep,42.87544705835673,0.7145907843059455,16260255041.726114,1014,0.7145907843059455
25-34,6,Work,4.64996787554116,0.07749946459235266,16260255041.726114,1014,0.07749946459235266
25-34,6,Education,0.26788680369490175,0.004464780061581696,16260255041.726114,1014,0.004464780061581696
25-34,6,Household Activities,2.5897755469917536,0.043162925783195895,16260255041.726114,1014,0.043162925783195895
25-34,6,Leisure,4.1248088002089975,0.06874681333681662,16260255041.726114,1014,0.06874681333681662
25-34,6,Caregiving,1.7111239827012619,0.02851873304502103,16260255041.726114,1014,0.02851873304502103
25-34,6,Travel,3.780989932505199,0.06301649887508666,16260255041.726114,1014,0.06301649887508666
25-34,7,Sleep,29.902723595481174,0.4983787265913529,16260255041.726114,1014,0.4983787265913529
25-34,7,Work,12.271939774507878,0.2045323295751313,16260255041.726114,1014,0.2045323295751313
25-34,7,Education,0.8407725766549521,0.014012876277582536,16260255041.726114,1014,0.014012876277582536
25-34,7,Household Activities,4.4869786636520255,0.07478297772753376,16260255041.726114,1014,0.07478297772753376
25-34,7,Leisure,5.410500955489635,0.09017501592482725,16260255041.726114,1014,0.09017501592482725
25-34,7,Caregiving,2.796423699331146,0.0466070616555191,16260255041.726114,1014,0.0466070616555191
25-34,7,Travel,4.290660734883189,0.07151101224805315,16260255041.726114,1014,0.07151101224805315
25-34,8,Sleep,18.48735305835237,0.3081225509725395,16260255041.726114,1014,0.3081225509725395
25-34,8,Work,19.596073650290034,0.3266012275048339,16260255041.726114,1014,0.3266012275048339
25-34,8,Education,0.9042991922685184,0.015071653204475307,16260255041.726114,1014,0.015071653204475307
25-34,8,Household Activities,6.027160095318636,0.1004526682553106,16260255041.726114,1014,0.1004526682553106
25-34,8,Leisure,8.297533686125275,0.1382922281020879,16260255041.726114,1014,0.1382922281020879
25-34,8,Caregiving,2.911614888477035,0.048526914807950586,16260255041.726114,1014,0.048526914807950586
25-34,8,Travel,3.775965429168128,0.06293275715280214,16260255041.726114,1014,0.06293275715280214
25-34,9,Sleep,10.3937467811112,0.17322911301852,16260255041.726114,1014,0.17322911301852
25-34,9,Work,24.87808288548545,0.4146347147580908,16260255041.726114,1014,0.4146347147580908
25-34,9,Education,1.1496357585115127,0.019160595975191878,16260255041.726114,1014,0.019160595975191878
25-34,9,Household Activities,7.0069853944736655,0.11678308990789442,16260255041.726114,1014,0.11678308990789442
25-34,9,Leisure,10.579379821058609,0.17632299701764348,16260255041.726114,1014,0.17632299701764348
25-34,9,Caregiving,3.113580795822693,0.05189301326371155,16260255041.726114,1014,0.05189301326371155
25-34,9,Travel,2.878588563536865,0.047976476058947747,16260255041.726114,1014,0.047976476058947747
25-34,10,Sleep,6.591802173401278,0.10986336955668796,16260255041.726114,1014,0.10986336955668796
25-34,10,Work,26.080495914335614,0.4346749319055936,16260255041.726114,1014,0.4346749319055936
25-34,10,Education,1.4404253843929244,0.024007089739882075,16260255041.726114,1014,0.024007089739882075
25-34,10,Household Activities,8.305473375921952,0.13842455626536587,16260255041.726114,1014,0.13842455626536587
25-34,10,Leisure,11.364522765952794,0.1894087127658799,16260255041.726114,1014,0.1894087127658799
25-34,10,Caregiving,3.0955555085382263,0.05159259180897044,16260255041.726114,1014,0.05159259180897044
25-34,10,Travel,3.1217248774572153,0.052028747957620254,16260255041.726114,1014,0.052028747957620254
25-34,11,Sleep,4.474728732657569,0.07457881221095948,16260255041.726114,1014,0.07457881221095948
25-34,11,Work,25.426140906203397,0.42376901510338993,16260255041.726114,1014,0.42376901510338993
25-34,11,Education,1.5494120712102346,0.025823534520170575,16260255041.726114,1014,0.025823534520170575
25-34,11,Household Activities,7.957157624551598,0.13261929374252662,16260255041.726114,1014,0.13261929374252662
25-34,11,Leisure,13.89482364929915,0.23158039415498582,16260255041.726114,1014,0.23158039415498582
25-34,11,Caregiving,2.7842062643308654,0.04640343773884776,16260255041.726114,1014,0.04640343773884776
25-34,11,Travel,3.9135307517471856,0.06522551252911976,16260255041.726114,1014,0.06522551252911976
25-34,12,Sleep,3.187776411414629,0.05312960685691048,16260255041.726114,1014,0.05312960685691049
25-34,12,Work,21.05262889226219,0.3508771482043699,16260255041.726114,1014,0.3508771482043699
25-34,12,Education,1.2176159698175202,0.02029359949695867,16260255041.726114,1014,0.02029359949695867
25-34,12,Household Activities,8.317813891991625,0.13863023153319373,16260255041.726114,1014,0.13863023153319376
25-34,12,Leisure,19.69492083120417,0.32824868052006945,16260255041.726114,1014,0.3282486805200695
25-34,12,Caregiving,2.507467975085108,0.04179113291808513,16260255041.726114,1014,0.04179113291808514
25-34,12,Travel,4.0217760282247506,0.06702960047041251,16260255041.726114,1014,0.06702960047041252
25-34,13,Sleep,3.39572421259376,0.05659540354322933,16260255041.726114,1014,0.05659540354322933
25-34,13,Work,24.824639862106487,0.4137439977017748,16260255041.726114,1014,0.4137439977017748
25-34,13,Education,0.8151616484966742,0.013586027474944569,16260255041.726114,1014,0.013586027474944569
25-34,13,Household Activities,7.557097852280085,0.12595163087133476,16260255041.726114,1014,0.12595163087133476
25-34,13,Leisure,16.65167292278542,0.27752788204642365,16260255041.726114,1014,0.27752788204642365
25-34,13,Caregiving,2.9548065262771153,0.049246775437951924,16260255041.726114,1014,0.049246775437951924
25-34,13,Travel,3.800896975460462,0.06334828292434104,16260255041.726114,1014,0.06334828292434104
25-34,14,Sleep,3.1153777083120575,0.05192296180520096,16260255041.726114,1014,0.05192296180520096
25-34,14,Work,26.123048505063373,0.4353841417510562,16260255041.726114,1014,0.4353841417510562
25-34,14,Education,0.7807158351723996,0.013011930586206661,16260255041.726114,1014,0.013011930586206661
25-34,14,Household Activities,7.051252303371524,0.11752087172285873,16260255041.726114,1014,0.11752087172285873
25-34,14,Leisure,15.696900325979206,0.26161500543298677,16260255041.726114,1014,0.26161500543298677
25-34,14,Caregiving,3.1793889684969967,0.05298981614161661,16260255041.726114,1014,0.05298981614161661
25-34,14,Travel,4.053316353604441,0.06755527256007403,16260255041.726114,1014,0.06755527256007403
25-34,15,Sleep,3.058839623846928,0.0509806603974488,16260255041.726114,1014,0.0509806603974488
25-34,15,Work,23.711630244186125,0.3951938374031021,16260255041.726114,1014,0.3951938374031021
25-34,15,Education,0.8291531140974006,0.01381921856829001,16260255041.726114,1014,0.01381921856829001
25-34,15,Household Activities,7.738763703254597,0.1289793950542433,16260255041.726114,1014,0.1289793950542433
25-34,15,Leisure,15.485205137877143,0.25808675229795236,16260255041.726114,1014,0.25808675229795236
25-34,15,Caregiving,3.7379762733257125,0.06229960455542854,16260255041.726114,1014,0.06229960455542854
25-34,15,Travel,5.438431903412092,0.09064053172353487,16260255041.726114,1014,0.09064053172353487
25-34,16,Sleep,3.0481008284324513,0.05080168047387419,16260255041.726114,1014,0.05080168047387419
25-34,16,Work,18.850178765935016,0.31416964609891695,16260255041.726114,1014,0.31416964609891695
25-34,16,Education,0.9594150996936387,0.015990251661560644,16260255041.726114,1014,0.015990251661560644
25-34,16,Household Activities,8.414537159577538,0.14024228599295896,16260255041.726114,1014,0.14024228599295896
25-34,16,Leisure,18.97178844241595,0.3161964740402658,16260255041.726114,1014,0.3161964740402658
25-34,16,Caregiving,4.1639327472778564,0.06939887912129761,16260255041.726114,1014,0.06939887912129761
25-34,16,Travel,5.592046956667553,0.09320078261112588,16260255041.726114,1014,0.09320078261112588
25-34,17,Sleep,3.9693796157664702,0.06615632692944116,16260255041.726114,1014,0.06615632692944116
25-34,17,Work,10.753232964119766,0.1792205494019961,16260255041.726114,1014,0.1792205494019961
25-34,17,Education,0.8839832202104334,0.01473305367017389,16260255041.726114,1014,0.01473305367017389
25-34,17,Household Activities,10.228150369342126,0.17046917282236876,16260255041.726114,1014,0.17046917282236876
25-34,17,Leisure,23.32234282213954,0.38870571370232565,16260255041.726114,1014,0.38870571370232565
25-34,17,Caregiving,4.013351236205577,0.06688918727009295,16260255041.726114,1014,0.06688918727009295
25-34,17,Travel,6.829559772216087,0.11382599620360145,16260255041.726114,1014,0.11382599620360145
25-34,18,Sleep,2.9417596020832564,0.049029326701387606,16260255041.726114,1014,0.0490293267013876
25-34,18,Work,6.255871179093333,0.10426451965155555,16260255041.726114,1014,0.10426451965155553
25-34,18,Education,1.4077586858142472,0.023462644763570788,16260255041.726114,1014,0.023462644763570784
25-34,18,Household Activities,9.129743050478758,0.15216238417464598,16260255041.726114,1014,0.15216238417464595
25-34,18,Leisure,30.64797360784474,0.5107995601307457,16260255041.726114,1014,0.5107995601307456
25-34,18,Caregiving,3.997505319209288,0.06662508865348814,16260255041.726114,1014,0.06662508865348812
25-34,18,Travel,5.61938855547638,0.09365647592460634,16260255041.726114,1014,0.09365647592460632
25-34,19,Sleep,4.409887887053998,0.07349813145089996,16260255041.726114,1014,0.07349813145089996
25-34,19,Work,4.667586054332949,0.07779310090554915,16260255041.726114,1014,0.07779310090554915
25-34,19,Education,1.6189433685033199,0.02698238947505533,16260255041.726114,1014,0.02698238947505533
25-34,19,Household Activities,8.221408607973192,0.1370234767995532,16260255041.726114,1014,0.1370234767995532
25-34,19,Leisure,33.2747920093443,0.554579866822405,16260255041.726114,1014,0.554579866822405
25-34,19,Caregiving,4.832431154250134,0.08054051923750223,16260255041.726114,1014,0.08054051923750223
25-34,19,Travel,2.9749509185421057,0.0495825153090351,16260255041.726114,1014,0.0495825153090351
25-34,20,Sleep,9.206506456677033,0.15344177427795055,16260255041.726114,1014,0.15344177427795055
25-34,20,Work,3.679857445123941,0.06133095741873235,16260255041.726114,1014,0.06133095741873235
25-34,20,Education,1.2564933447650108,0.020941555746083515,16260255041.726114,1014,0.020941555746083515
25-34,20,Household Activities,5.607844089027323,0.0934640681504554,16260255041.726114,1014,0.0934640681504554
25-34,20,Leisure,34.0729356560319,0.5678822609338651,16260255041.726114,1014,0.5678822609338651
25-34,20,Caregiving,3.5719333669371247,0.05953222278228541,16260255041.726114,1014,0.05953222278228541
25-34,20,Travel,2.6044296414376604,0.04340716069062767,16260255041.726114,1014,0.04340716069062767
25-34,21,Sleep,19.247142344222127,0.32078570573703546,16260255041.726114,1014,0.32078570573703546
25-34,21,Work,2.8426894173857957,0.047378156956429926,16260255041.726114,1014,0.047378156956429926
25-34,21,Education,0.4955996169101466,0.00825999361516911,16260255041.726114,1014,0.00825999361516911
25-34,21,Household Activities,3.2700257572864824,0.05450042928810804,16260255041.726114,1014,0.05450042928810804
25-34,21,Leisure,30.272978167713084,0.5045496361285514,16260255041.726114,1014,0.5045496361285514
25-34,21,Caregiving,2.020808821522495,0.03368014702537492,16260255041.726114,1014,0.03368014702537492
25-34,21,Travel,1.8507558749598687,0.030845931249331146,16260255041.726114,1014,0.030845931249331146
25-34,22,Sleep,35.74154449149772,0.5956924081916287,16260255041.726114,1014,0.5956924081916287
25-34,22,Work,1.7368625975299523,0.02894770995883254,16260255041.726114,1014,0.02894770995883254
25-34,22,Education,0.31891847264309275,0.005315307877384879,16260255041.726114,1014,0.005315307877384879
25-34,22,Household Activities,1.528643023059114,0.0254773837176519,16260255041.726114,1014,0.0254773837176519
25-34,22,Leisure,18.656930422202112,0.31094884037003523,16260255041.726114,1014,0.31094884037003523
25-34,22,Caregiving,1.0862359632731757,0.018103932721219594,16260255041.726114,1014,0.018103932721219594
25-34,22,Travel,0.9308650297948369,0.015514417163247281,16260255041.726114,1014,0.015514417163247281
25-34,23,Sleep,46.18010748216926,0.7696684580361544,16260255041.726114,1014,0.7696684580361544
25-34,23,Work,0.5893909885166037,0.009823183141943394,16260255041.726114,1014,0.009823183141943394
25-34,23,Education,0.11436292064677878,0.0019060486774463128,16260255041.726114,1014,0.0019060486774463128
25-34,23,Household Activities,0.5216050849188949,0.008693418081981581,16260255041.726114,1014,0.008693418081981581
25-34,23,Leisure,11.250034376082285,0.18750057293470473,16260255041.726114,1014,0.18750057293470473
25-34,23,Caregiving,0.5223221913846402,0.00870536985641067,16260255041.726114,1014,0.00870536985641067
25-34,23,Travel,0.8221769562815329,0.01370294927135888,16260255041.726114,1014,0.01370294927135888
35-44,0,Sleep,54.155465254804,0.9025910875800667,16170111588.666594,1220,0.9025910875800668
35-44,0,Work,1.225744771780259,0.020429079529670983,16170111588.666594,1220,0.020429079529670987
35-44,0,Education,0.10392621612925479,0.0017321036021542464,16170111588.666594,1220,0.0017321036021542466
35-44,0,Household Activities,0.17139058498700152,0.002856509749783359,16170111588.666594,1220,0.0028565097497833592
35-44,0,Leisure,3.89426537931737,0.06490442298862283,16170111588.666594,1220,0.06490442298862284
35-44,0,Caregiving,0.2348942093266116,0.00391490348877686,16170111588.666594,1220,0.00391490348877686
35-44,0,Travel,0.21431358365549857,0.003571893060924976,16170111588.666594,1220,0.0035718930609249765
35-44,1,Sleep,56.2178237761824,0.93696372960304,16170111588.666594,1220,0.93696372960304
35-44,1,Work,0.9346602925961632,0.015577671543269387,16170111588.666594,1220,0.015577671543269387
35-44,1,Education,0.05857853997417274,0.0009763089995695457,16170111588.666594,1220,0.0009763089995695457
35-44,1,Household Activities,0.18624148056274217,0.003104024676045703,16170111588.666594,1220,0.003104024676045703
35-44,1,Leisure,2.317620194770465,0.038627003246174414,16170111588.666594,1220,0.038627003246174414
35-44,1,Caregiving,0.15396927285105494,0.0025661545475175822,16170111588.666594,1220,0.0025661545475175822
35-44,1,Travel,0.13110644306300256,0.002185107384383376,16170111588.666594,1220,0.002185107384383376
35-44,2,Sleep,57.764633021568834,0.9627438836928139,16170111588.666594,1220,0.962743883692814
35-44,2,Work,0.8333430964980029,0.013889051608300047,16170111588.666594,1220,0.013889051608300049
35-44,2,Education,0.05857853997417274,0.0009763089995695457,16170111588.666594,1220,0.0009763089995695458
35-44,2,Household Activities,0.05635039413451951,0.0009391732355753252,16170111588.666594,1220,0.0009391732355753253
35-44,2,Leisure,1.0019320199114916,0.01669886699852486,16170111588.666594,1220,0.016698866998524863
35-44,2,Caregiving,0.17372667390345892,0.0028954445650576487,16170111588.666594,1220,0.002895444565057649
35-44,2,Travel,0.11143625400951603,0.0018572709001586005,16170111588.666594,1220,0.0018572709001586007
35-44,3,Sleep,57.93403129376439,0.9655671882294066,16170111588.666594,1220,0.9655671882294066
35-44,3,Work,0.9513470294291616,0.01585578382381936,16170111588.666594,1220,0.01585578382381936
35-44,3,Education,0.0341708149849341,0.000569513583082235,16170111588.666594,1220,0.000569513583082235
35-44,3,Household Activities,0.059392170495036874,0.0009898695082506145,16170111588.666594,1220,0.0009898695082506145
35-44,3,Leisure,0.6772363702467871,0.011287272837446452,16170111588.666594,1220,0.011287272837446452
35-44,3,Caregiving,0.0798714606073308,0.00133119101012218,16170111588.666594,1220,0.00133119101012218
35-44,3,Travel,0.26395086047235594,0.004399181007872599,16170111588.666594,1220,0.004399181007872599
35-44,4,Sleep,56.275095301863956,0.937918255031066,16170111588.666594,1220,0.9379182550310659
35-44,4,Work,1.722865943174613,0.02871443238624355,16170111588.666594,1220,0.028714432386243546
35-44,4,Education,0.05857853997417274,0.0009763089995695457,16170111588.666594,1220,0.0009763089995695456
35-44,4,Household Activities,0.5979966551154267,0.009966610918590444,16170111588.666594,1220,0.009966610918590442
35-44,4,Leisure,0.7278966655679467,0.012131611092799113,16170111588.666594,1220,0.012131611092799111
35-44,4,Caregiving,0.29430023525852866,0.004905003920975478,16170111588.666594,1220,0.004905003920975477
35-44,4,Travel,0.32326665904536206,0.005387777650756034,16170111588.666594,1220,0.005387777650756034
35-44,5,Sleep,51.87534343970011,0.8645890573283351,16170111588.666594,1220,0.8645890573283351
35-44,5,Work,2.648629643845574,0.044143827397426234,16170111588.666594,1220,0.044143827397426234
35-44,5,Education,0.07284410064237046,0.0012140683440395076,16170111588.666594,1220,0.0012140683440395076
35-44,5,Household Activities,1.1057941189380438,0.01842990198230073,16170111588.666594,1220,0.01842990198230073
35-44,5,Leisure,2.4461360068333136,0.04076893344722189,16170111588.666594,1220,0.04076893344722189
35-44,5,Caregiving,0.40604113867205466,0.006767352311200911,16170111588.666594,1220,0.006767352311200911
35-44,5,Travel,1.4452115513685275,0.02408685918947546,16170111588.666594,1220,0.02408685918947546
35-44,6,Sleep,39.38123364354309,0.6563538940590515,16170111588.666594,1220,0.6563538940590515
35-44,6,Work,5.280992949538965,0.08801654915898276,16170111588.666594,1220,0.08801654915898276
35-44,6,Education,0.07284410064237046,0.0012140683440395076,16170111588.666594,1220,0.0012140683440395076
35-44,6,Household Activities,3.9306110112179424,0.06551018352029904,16170111588.666594,1220,0.06551018352029904
35-44,6,Leisure,4.7688160336796575,0.0794802672279943,16170111588.666594,1220,0.0794802672279943
35-44,6,Caregiving,3.3657673912292525,0.05609612318715421,16170111588.666594,1220,0.05609612318715421
35-44,6,Travel,3.1997348701487205,0.053328914502478675,16170111588.666594,1220,0.053328914502478675
35-44,7,Sleep,23.70241640003579,0.3950402733339298,16170111588.666594,1220,0.3950402733339298
35-44,7,Work,11.749335095412617,0.19582225159021027,16170111588.666594,1220,0.19582225159021027
35-44,7,Education,0.09629100547605164,0.0016048500912675273,16170111588.666594,1220,0.0016048500912675273
35-44,7,Household Activities,6.464750698390961,0.10774584497318268,16170111588.666594,1220,0.10774584497318268
35-44,7,Leisure,7.115804112743577,0.11859673521239295,16170111588.666594,1220,0.11859673521239295
35-44,7,Caregiving,5.118923674323835,0.08531539457206391,16170111588.666594,1220,0.08531539457206391
35-44,7,Travel,5.752479013617168,0.0958746502269528,16170111588.666594,1220,0.0958746502269528
35-44,8,Sleep,13.71759424915792,0.22862657081929866,16170111588.666594,1220,0.22862657081929866
35-44,8,Work,21.23402580613315,0.35390043010221917,16170111588.666594,1220,0.35390043010221917
35-44,8,Education,0.3434986151907438,0.0057249769198457305,16170111588.666594,1220,0.0057249769198457305
35-44,8,Household Activities,7.573094601066666,0.1262182433511111,16170111588.666594,1220,0.1262182433511111
35-44,8,Leisure,8.854319121599646,0.1475719853599941,16170111588.666594,1220,0.1475719853599941
35-44,8,Caregiving,3.2365252668503364,0.05394208778083894,16170111588.666594,1220,0.05394208778083894
35-44,8,Travel,5.040942340001535,0.08401570566669224,16170111588.666594,1220,0.08401570566669224
35-44,9,Sleep,8.095211008567677,0.13492018347612794,16170111588.666594,1220,0.13492018347612794
35-44,9,Work,26.678958242184013,0.44464930403640024,16170111588.666594,1220,0.44464930403640024
35-44,9,Education,0.44781202803891174,0.007463533800648529,16170111588.666594,1220,0.007463533800648529
35-44,9,Household Activities,9.029531808069143,0.1504921968011524,16170111588.666594,1220,0.1504921968011524
35-44,9,Leisure,9.573419281641046,0.15955698802735077,16170111588.666594,1220,0.15955698802735077
35-44,9,Caregiving,2.8277771291422265,0.04712961881903711,16170111588.666594,1220,0.04712961881903711
35-44,9,Travel,3.3472905023569823,0.05578817503928304,16170111588.666594,1220,0.05578817503928304
35-44,10,Sleep,4.797386049689186,0.07995643416148643,16170111588.666594,1220,0.07995643416148644
35-44,10,Work,28.373497208408587,0.47289162014014313,16170111588.666594,1220,0.4728916201401432
35-44,10,Education,0.643932095471544,0.010732201591192399,16170111588.666594,1220,0.0107322015911924
35-44,10,Household Activities,9.614399649226701,0.16023999415377835,16170111588.666594,1220,0.16023999415377838
35-44,10,Leisure,11.384526241376182,0.18974210402293637,16170111588.666594,1220,0.1897421040229364
35-44,10,Caregiving,2.6870114230060564,0.04478352371676761,16170111588.666594,1220,0.04478352371676761
35-44,10,Travel,2.4992473328217373,0.04165412221369562,16170111588.666594,1220,0.041654122213695625
35-44,11,Sleep,3.4229824618416957,0.0570497076973616,16170111588.666594,1220,0.0570497076973616
35-44,11,Work,27.07711414286606,0.4512852357144343,16170111588.666594,1220,0.4512852357144343
35-44,11,Education,0.6997041285832359,0.011661735476387266,16170111588.666594,1220,0.011661735476387266
35-44,11,Household Activities,10.045823121123293,0.16743038535205487,16170111588.666594,1220,0.16743038535205487
35-44,11,Leisure,13.38988468028383,0.22316474467139716,16170111588.666594,1220,0.22316474467139716
35-44,11,Caregiving,2.5554258478305685,0.04259043079717614,16170111588.666594,1220,0.04259043079717614
35-44,11,Travel,2.809065617471318,0.046817760291188636,16170111588.666594,1220,0.046817760291188636
35-44,12,Sleep,2.339558054005595,0.03899263423342658,16170111588.666594,1220,0.03899263423342658
35-44,12,Work,21.99193633115978,0.3665322721859964,16170111588.666594,1220,0.3665322721859964
35-44,12,Education,0.5519018700791866,0.009198364501319776,16170111588.666594,1220,0.009198364501319776
35-44,12,Household Activities,10.051130681848853,0.16751884469748088,16170111588.666594,1220,0.16751884469748088
35-44,12,Leisure,18.65947973233444,0.3109913288722407,16170111588.666594,1220,0.3109913288722407
35-44,12,Caregiving,2.421211243874134,0.04035352073123556,16170111588.666594,1220,0.04035352073123556
35-44,12,Travel,3.9847820866980053,0.06641303477830009,16170111588.666594,1220,0.06641303477830009
35-44,13,Sleep,2.2141435176517996,0.036902391960863326,16170111588.666594,1220,0.036902391960863326
35-44,13,Work,25.92213141010242,0.432035523501707,16170111588.666594,1220,0.432035523501707
35-44,13,Education,0.5430062295705309,0.009050103826175515,16170111588.666594,1220,0.009050103826175515
35-44,13,Household Activities,9.338875287159727,0.15564792145266212,16170111588.666594,1220,0.15564792145266212
35-44,13,Leisure,14.992285199960017,0.24987141999933363,16170111588.666594,1220,0.24987141999933363
35-44,13,Caregiving,3.2985452876735786,0.05497575479455964,16170111588.666594,1220,0.05497575479455964
35-44,13,Travel,3.6910130678819257,0.06151688446469876,16170111588.666594,1220,0.06151688446469876
35-44,14,Sleep,2.7471369815510642,0.045785616359184406,16170111588.666594,1220,0.045785616359184406
35-44,14,Work,26.44773350618971,0.44079555843649515,16170111588.666594,1220,0.44079555843649515
35-44,14,Education,0.40331746552784026,0.006721957758797337,16170111588.666594,1220,0.006721957758797337
35-44,14,Household Activities,8.323142642535691,0.1387190440422615,16170111588.666594,1220,0.1387190440422615
35-44,14,Leisure,13.870018879612095,0.23116698132686825,16170111588.666594,1220,0.23116698132686825
35-44,14,Caregiving,3.842713981488218,0.06404523302480364,16170111588.666594,1220,0.06404523302480364
35-44,14,Travel,4.365936543095378,0.07276560905158963,16170111588.666594,1220,0.07276560905158963
35-44,15,Sleep,3.0731704403651476,0.05121950733941913,16170111588.666594,1220,0.05121950733941913
35-44,15,Work,23.872486710981548,0.3978747785163591,16170111588.666594,1220,0.3978747785163591
35-44,15,Education,0.32422874725505796,0.005403812454250966,16170111588.666594,1220,0.005403812454250966
35-44,15,Household Activities,8.529508329724218,0.14215847216207028,16170111588.666594,1220,0.14215847216207028
35-44,15,Leisure,14.379310173173856,0.2396551695528976,16170111588.666594,1220,0.2396551695528976
35-44,15,Caregiving,4.495233092844282,0.0749205515474047,16170111588.666594,1220,0.0749205515474047
35-44,15,Travel,5.326062505655889,0.08876770842759815,16170111588.666594,1220,0.08876770842759815
35-44,16,Sleep,2.7869477929710214,0.046449129882850354,16170111588.666594,1220,0.046449129882850354
35-44,16,Work,18.96842946753642,0.316140491125607,16170111588.666594,1220,0.316140491125607
35-44,16,Education,0.5183783834763285,0.008639639724605474,16170111588.666594,1220,0.008639639724605474
35-44,16,Household Activities,9.408267293819682,0.1568044548969947,16170111588.666594,1220,0.1568044548969947
35-44,16,Leisure,17.14857848657384,0.28580964144289733,16170111588.666594,1220,0.28580964144289733
35-44,16,Caregiving,4.959919807705717,0.08266533012842861,16170111588.666594,1220,0.08266533012842861
35-44,16,Travel,6.209478767916994,0.10349131279861656,16170111588.666594,1220,0.10349131279861656
35-44,17,Sleep,2.6062487291273007,0.043437478818788344,16170111588.666594,1220,0.04343747881878835
35-44,17,Work,10.572006018738096,0.1762001003123016,16170111588.666594,1220,0.1762001003123016
35-44,17,Education,0.5611555401737913,0.009352592336229855,16170111588.666594,1220,0.009352592336229856
35-44,17,Household Activities,11.109457033337112,0.1851576172222852,16170111588.666594,1220,0.18515761722228521
35-44,17,Leisure,23.268785272813865,0.3878130878802311,16170111588.666594,1220,0.3878130878802311
35-44,17,Caregiving,4.859973500019681,0.08099955833366135,16170111588.666594,1220,0.08099955833366136
35-44,17,Travel,7.022373905790148,0.11703956509650246,16170111588.666594,1220,0.11703956509650247
35-44,18,Sleep,2.622908341147463,0.04371513901912438,16170111588.666594,1220,0.04371513901912439
35-44,18,Work,7.2366016491913205,0.12061002748652201,16170111588.666594,1220,0.12061002748652203
35-44,18,Education,0.620096094543852,0.0103349349090642,16170111588.666594,1220,0.010334934909064201
35-44,18,Household Activities,9.748034147768779,0.16246723579614633,16170111588.666594,1220,0.16246723579614633
35-44,18,Leisure,29.34619592948567,0.48910326549142785,16170111588.666594,1220,0.4891032654914279
35-44,18,Caregiving,5.87987043537657,0.0979978405896095,16170111588.666594,1220,0.0979978405896095
35-44,18,Travel,4.546293402486342,0.0757715567081057,16170111588.666594,1220,0.07577155670810572
35-44,19,Sleep,3.75140300917441,0.06252338348624016,16170111588.666594,1220,0.06252338348624017
35-44,19,Work,4.990375245218043,0.08317292075363406,16170111588.666594,1220,0.08317292075363407
35-44,19,Education,0.43779808469817055,0.0072966347449695095,16170111588.666594,1220,0.00729663474496951
35-44,19,Household Activities,7.740869703682167,0.12901449506136944,16170111588.666594,1220,0.12901449506136947
35-44,19,Leisure,32.074241779523874,0.5345706963253979,16170111588.666594,1220,0.534570696325398
35-44,19,Caregiving,7.101242297865814,0.11835403829776356,16170111588.666594,1220,0.11835403829776357
35-44,19,Travel,3.904069879837519,0.06506783133062531,16170111588.666594,1220,0.06506783133062533
35-44,20,Sleep,7.8608330200705945,0.13101388366784325,16170111588.666594,1220,0.13101388366784325
35-44,20,Work,4.96314047750605,0.08271900795843416,16170111588.666594,1220,0.08271900795843416
35-44,20,Education,0.675883362835586,0.011264722713926433,16170111588.666594,1220,0.011264722713926433
35-44,20,Household Activities,5.210119116771609,0.08683531861286015,16170111588.666594,1220,0.08683531861286015
35-44,20,Leisure,32.921559673637326,0.5486926612272888,16170111588.666594,1220,0.5486926612272888
35-44,20,Caregiving,6.269408174672177,0.10449013624453628,16170111588.666594,1220,0.10449013624453628
35-44,20,Travel,2.0990561745066607,0.03498426957511101,16170111588.666594,1220,0.03498426957511101
35-44,21,Sleep,19.62667959343077,0.3271113265571795,16170111588.666594,1220,0.32711132655717945
35-44,21,Work,4.426145814880235,0.07376909691467058,16170111588.666594,1220,0.07376909691467058
35-44,21,Education,0.6096935096368661,0.010161558493947767,16170111588.666594,1220,0.010161558493947767
35-44,21,Household Activities,3.170655756340591,0.05284426260567652,16170111588.666594,1220,0.05284426260567651
35-44,21,Leisure,27.666407895942054,0.4611067982657009,16170111588.666594,1220,0.46110679826570083
35-44,21,Caregiving,2.6448063005471494,0.04408010500911916,16170111588.666594,1220,0.04408010500911915
35-44,21,Travel,1.8556111292223372,0.03092685215370562,16170111588.666594,1220,0.030926852153705615
35-44,22,Sleep,36.086986104657065,0.6014497684109511,16170111588.666594,1220,0.6014497684109511
35-44,22,Work,3.1445628450474166,0.052409380750790276,16170111588.666594,1220,0.05240938075079028
35-44,22,Education,0.25654550595282716,0.004275758432547119,16170111588.666594,1220,0.00427575843254712
35-44,22,Household Activities,1.898255927448413,0.03163759879080688,16170111588.666594,1220,0.03163759879080689
35-44,22,Leisure,16.676138449570487,0.2779356408261748,16170111588.666594,1220,0.27793564082617483
35-44,22,Caregiving,0.7095924108584771,0.011826540180974619,16170111588.666594,1220,0.01182654018097462
35-44,22,Travel,1.227918756465306,0.0204653126077551,16170111588.666594,1220,0.020465312607755103
35-44,23,Sleep,48.94039906696346,0.8156733177827243,16170111588.666594,1220,0.8156733177827244
35-44,23,Work,1.511959758580878,0.025199329309681297,16170111588.666594,1220,0.0251993293096813
35-44,23,Education,0.19262286048085075,0.003210381008014179,16170111588.666594,1220,0.0032103810080141796
35-44,23,Household Activities,0.5753936200372187,0.00958989366728698,16170111588.666594,1220,0.00958989366728698
35-44,23,Leisure,7.6479594803225135,0.12746599133870856,16170111588.666594,1220,0.12746599133870856
35-44,23,Caregiving,0.3863925096686661,0.006439875161144435,16170111588.666594,1220,0.006439875161144436
35-44,23,Travel,0.7452727039464045,0.012421211732440075,16170111588.666594,1220,0.012421211732440077
45-54,0,Sleep,54.328887319971514,0.9054814553328586,14651840258.4984,993,0.9054814553328586
45-54,0,Work,1.2132313239334935,0.020220522065558227,14651840258.4984,993,0.020220522065558227
45-54,0,Household Activities,0.3111789338768412,0.00518631556461402,14651840258.4984,993,0.005186315564614021
45-54,0,Leisure,3.864088098841866,0.0644014683140311,14651840258.4984,993,0.06440146831403111
45-54,0,Caregiving,0.10161534595685805,0.0016935890992809675,14651840258.4984,993,0.0016935890992809677
45-54,0,Travel,0.180998977419422,0.0030166496236570333,14651840258.4984,993,0.0030166496236570337
45-54,1,Sleep,56.63668399407506,0.9439447332345843,14651840258.4984,993,0.9439447332345844
45-54,1,Work,0.8132735147790165,0.013554558579650275,14651840258.4984,993,0.013554558579650277
45-54,1,Education,0.06616168113981939,0.0011026946856636565,14651840258.4984,993,0.0011026946856636567
45-54,1,Household Activities,0.06325924332544183,0.0010543207220906972,14651840258.4984,993,0.0010543207220906974
45-54,1,Leisure,2.144916584569655,0.035748609742827585,14651840258.4984,993,0.03574860974282759
45-54,1,Caregiving,0.13131885425272363,0.0021886475708787273,14651840258.4984,993,0.0021886475708787273
45-54,1,Travel,0.1443861278582811,0.0024064354643046847,14651840258.4984,993,0.002406435464304685
45-54,2,Sleep,57.214098634130266,0.9535683105688377,14651840258.4984,993,0.9535683105688378
45-54,2,Work,0.8068924310908769,0.01344820718484795,14651840258.4984,993,0.013448207184847951
45-54,2,Education,0.06616168113981939,0.0011026946856636565,14651840258.4984,993,0.0011026946856636567
45-54,2,Household Activities,0.06714787258014394,0.0011191312096690657,14651840258.4984,993,0.001119131209669066
45-54,2,Leisure,1.600805523551227,0.02668009205918712,14651840258.4984,993,0.02668009205918712
45-54,2,Caregiving,0.040111496886853275,0.0006685249481142212,14651840258.4984,993,0.0006685249481142213
45-54,2,Travel,0.2047823606208062,0.0034130393436801036,14651840258.4984,993,0.003413039343680104
45-54,3,Sleep,57.28747908100344,0.954791318016724,14651840258.4984,993,0.9547913180167241
45-54,3,Work,0.8617338183355925,0.014362230305593209,14651840258.4984,993,0.01436223030559321
45-54,3,Household Activities,0.09177805113586078,0.0015296341855976796,14651840258.4984,993,0.0015296341855976798
45-54,3,Leisure,1.479410721666863,0.024656845361114385,14651840258.4984,993,0.02465684536111439
45-54,3,Caregiving,0.024809796854605104,0.0004134966142434184,14651840258.4984,993,0.00041349661424341846
45-54,3,Travel,0.2547885310036345,0.004246475516727242,14651840258.4984,993,0.004246475516727242
45-54,4,Sleep,55.79930987836814,0.9299884979728024,14651840258.4984,993,0.9299884979728024
45-54,4,Work,1.6334607327518522,0.027224345545864205,14651840258.4984,993,0.027224345545864205
45-54,4,Education,0.06616168113981939,0.0011026946856636565,14651840258.4984,993,0.0011026946856636565
45-54,4,Household Activities,0.6734731601308483,0.011224552668847473,14651840258.4984,993,0.011224552668847473
45-54,4,Leisure,1.381748018262528,0.0230291336377088,14651840258.4984,993,0.0230291336377088
45-54,4,Caregiving,0.07616817629626779,0.0012694696049377965,14651840258.4984,993,0.0012694696049377965
45-54,4,Travel,0.3696783530505445,0.006161305884175741,14651840258.4984,993,0.006161305884175741
45-54,5,Sleep,49.422684952555564,0.8237114158759261,14651840258.4984,993,0.8237114158759261
45-54,5,Work,3.1662927591138037,0.05277154598523006,14651840258.4984,993,0.05277154598523006
45-54,5,Education,0.06616168113981939,0.0011026946856636565,14651840258.4984,993,0.0011026946856636565
45-54,5,Household Activities,1.7966796947827008,0.029944661579711682,14651840258.4984,993,0.029944661579711682
45-54,5,Leisure,3.285708162721293,0.05476180271202155,14651840258.4984,993,0.05476180271202155
45-54,5,Caregiving,0.28579527774100966,0.004763254629016828,14651840258.4984,993,0.004763254629016828
45-54,5,Travel,1.9766774719458067,0.03294462453243011,14651840258.4984,993,0.03294462453243011
45-54,6,Sleep,36.7055193705875,0.6117586561764584,14651840258.4984,993,0.6117586561764584
45-54,6,Work,7.022509087428557,0.11704181812380929,14651840258.4984,993,0.11704181812380929
45-54,6,Education,0.06616168113981939,0.0011026946856636565,14651840258.4984,993,0.0011026946856636565
45-54,6,Household Activities,4.3065141768814215,0.07177523628135703,14651840258.4984,993,0.07177523628135703
45-54,6,Leisure,6.367329573191034,0.1061221595531839,14651840258.4984,993,0.1061221595531839
45-54,6,Caregiving,1.5223271007257342,0.025372118345428903,14651840258.4984,993,0.025372118345428903
45-54,6,Travel,4.009639010045932,0.06682731683409887,14651840258.4984,993,0.06682731683409887
45-54,7,Sleep,23.19325099054589,0.38655418317576484,14651840258.4984,993,0.38655418317576484
45-54,7,Work,14.082003795992138,0.23470006326653564,14651840258.4984,993,0.23470006326653564
45-54,7,Education,0.02106706788703444,0.00035111779811724067,14651840258.4984,993,0.00035111779811724067
45-54,7,Household Activities,6.042923855283982,0.10071539758806637,14651840258.4984,993,0.10071539758806637
45-54,7,Leisure,8.650461422727647,0.14417435704546078,14651840258.4984,993,0.14417435704546078
45-54,7,Caregiving,2.37296293927697,0.039549382321282835,14651840258.4984,993,0.039549382321282835
45-54,7,Travel,5.637329928286337,0.09395549880477229,14651840258.4984,993,0.09395549880477229
45-54,8,Sleep,13.243269747265915,0.2207211624544319,14651840258.4984,993,0.2207211624544319
45-54,8,Work,22.249200026208452,0.3708200004368075,14651840258.4984,993,0.3708200004368075
45-54,8,Education,0.004642094165501131,7.736823609168552e-05,14651840258.4984,993,7.736823609168552e-05
45-54,8,Household Activities,7.306097772744583,0.12176829621240973,14651840258.4984,993,0.12176829621240973
45-54,8,Leisure,11.591502200094522,0.1931917033349087,14651840258.4984,993,0.1931917033349087
45-54,8,Caregiving,1.4737611649843456,0.024562686083072428,14651840258.4984,993,0.024562686083072428
45-54,8,Travel,4.131526994536683,0.06885878324227805,14651840258.4984,993,0.06885878324227805
45-54,9,Sleep,8.074347969564515,0.1345724661594086,14651840258.4984,993,0.1345724661594086
45-54,9,Work,25.765305471738447,0.42942175786230746,14651840258.4984,993,0.42942175786230746
45-54,9,Education,0.06644327707001778,0.001107387951166963,14651840258.4984,993,0.001107387951166963
45-54,9,Household Activities,8.627917194351058,0.14379861990585097,14651840258.4984,993,0.14379861990585097
45-54,9,Leisure,12.455315619616627,0.20758859366027713,14651840258.4984,993,0.20758859366027713
45-54,9,Caregiving,1.503564852816641,0.025059414213610683,14651840258.4984,993,0.025059414213610683
45-54,9,Travel,3.5071056148426956,0.05845176024737826,14651840258.4984,993,0.05845176024737826
45-54,10,Sleep,4.9962656453441365,0.08327109408906894,14651840258.4984,993,0.08327109408906895
45-54,10,Work,26.56485655467917,0.44274760924465284,14651840258.4984,993,0.4427476092446529
45-54,10,Education,0.09999055851490465,0.0016665093085817442,14651840258.4984,993,0.0016665093085817444
45-54,10,Household Activities,9.600800478579218,0.16001334130965364,14651840258.4984,993,0.16001334130965367
45-54,10,Leisure,13.506714619823427,0.22511191033039044,14651840258.4984,993,0.22511191033039046
45-54,10,Caregiving,1.6850375214415634,0.028083958690692724,14651840258.4984,993,0.028083958690692728
45-54,10,Travel,3.5463346216175724,0.05910557702695954,14651840258.4984,993,0.059105577026959545
45-54,11,Sleep,3.3287518448749958,0.055479197414583264,14651840258.4984,993,0.055479197414583264
45-54,11,Work,25.166745679129978,0.419445761318833,14651840258.4984,993,0.419445761318833
45-54,11,Education,0.04453216550140504,0.0007422027583567507,14651840258.4984,993,0.0007422027583567507
45-54,11,Household Activities,10.116127655196834,0.16860212758661391,14651840258.4984,993,0.16860212758661391
45-54,11,Leisure,16.178347206192196,0.2696391201032033,14651840258.4984,993,0.2696391201032033
45-54,11,Caregiving,1.600644514927577,0.026677408582126284,14651840258.4984,993,0.026677408582126284
45-54,11,Travel,3.564850934177013,0.05941418223628355,14651840258.4984,993,0.05941418223628355
45-54,12,Sleep,3.691270153012364,0.061521169216872736,14651840258.4984,993,0.061521169216872736
45-54,12,Work,21.40795551992823,0.3567992586654705,14651840258.4984,993,0.3567992586654705
45-54,12,Household Activities,10.119079198126485,0.16865131996877475,14651840258.4984,993,0.16865131996877475
45-54,12,Leisure,19.08561576120317,0.3180935960200528,14651840258.4984,993,0.3180935960200528
45-54,12,Caregiving,1.4149963314828504,0.02358327219138084,14651840258.4984,993,0.02358327219138084
45-54,12,Travel,4.281083036246903,0.07135138393744839,14651840258.4984,993,0.07135138393744839
45-54,13,Sleep,3.281540804709851,0.05469234674516418,14651840258.4984,993,0.05469234674516418
45-54,13,Work,23.834375205224887,0.3972395867537481,14651840258.4984,993,0.3972395867537481
45-54,13,Education,0.06255260598950858,0.0010425434331584765,14651840258.4984,993,0.0010425434331584765
45-54,13,Household Activities,9.840958747021983,0.16401597911703306,14651840258.4984,993,0.16401597911703306
45-54,13,Leisure,16.82746131612185,0.2804576886020308,14651840258.4984,993,0.2804576886020308
45-54,13,Caregiving,1.80359934111342,0.030059989018557,14651840258.4984,993,0.030059989018557
45-54,13,Travel,4.349511979818504,0.07249186633030841,14651840258.4984,993,0.07249186633030841
45-54,14,Sleep,3.078022167845039,0.051300369464083985,14651840258.4984,993,0.05130036946408399
45-54,14,Work,24.828906108843498,0.4138151018140583,14651840258.4984,993,0.41381510181405834
45-54,14,Education,0.09193706311440039,0.0015322843852400064,14651840258.4984,993,0.0015322843852400066
45-54,14,Household Activities,9.252812009111912,0.15421353348519853,14651840258.4984,993,0.15421353348519853
45-54,14,Leisure,15.616489407356843,0.2602748234559474,14651840258.4984,993,0.26027482345594743
45-54,14,Caregiving,2.2383091902786014,0.03730515317131002,14651840258.4984,993,0.03730515317131003
45-54,14,Travel,4.893524053449701,0.08155873422416168,14651840258.4984,993,0.0815587342241617
45-54,15,Sleep,3.2474921357192565,0.05412486892865428,14651840258.4984,993,0.05412486892865428
45-54,15,Work,22.55893295410363,0.37598221590172715,14651840258.4984,993,0.37598221590172715
45-54,15,Education,0.09080149667596141,0.0015133582779326901,14651840258.4984,993,0.0015133582779326901
45-54,15,Household Activities,9.12778985507467,0.15212983091791119,14651840258.4984,993,0.15212983091791119
45-54,15,Leisure,16.634788111555135,0.27724646852591894,14651840258.4984,993,0.27724646852591894
45-54,15,Caregiving,2.5548088624186853,0.042580147706978086,14651840258.4984,993,0.042580147706978086
45-54,15,Travel,5.785386584452661,0.09642310974087769,14651840258.4984,993,0.09642310974087769
45-54,16,Sleep,3.398158809289013,0.056635980154816884,14651840258.4984,993,0.056635980154816884
45-54,16,Work,18.305726734734016,0.3050954455789003,14651840258.4984,993,0.3050954455789003
45-54,16,Education,0.09080149667596141,0.0015133582779326901,14651840258.4984,993,0.0015133582779326901
45-54,16,Household Activities,10.354766480871529,0.17257944134785883,14651840258.4984,993,0.17257944134785883
45-54,16,Leisure,18.608734785669977,0.3101455797611663,14651840258.4984,993,0.3101455797611663
45-54,16,Caregiving,2.7486737822497607,0.045811229704162675,14651840258.4984,993,0.045811229704162675
45-54,16,Travel,6.493137910509739,0.10821896517516232,14651840258.4984,993,0.10821896517516232
45-54,17,Sleep,3.443701227329116,0.057395020455485266,14651840258.4984,993,0.057395020455485266
45-54,17,Work,10.296644643371815,0.17161074405619692,14651840258.4984,993,0.17161074405619692
45-54,17,Education,0.07751940892006579,0.001291990148667763,14651840258.4984,993,0.001291990148667763
45-54,17,Household Activities,12.524273993270842,0.20873789988784738,14651840258.4984,993,0.20873789988784738
45-54,17,Leisure,23.54322678888352,0.39238711314805863,14651840258.4984,993,0.39238711314805863
45-54,17,Caregiving,2.55788575668461,0.04263142927807683,14651840258.4984,993,0.04263142927807683
45-54,17,Travel,7.556748181540029,0.12594580302566716,14651840258.4984,993,0.12594580302566716
45-54,18,Sleep,4.01377720987674,0.066896286831279,14651840258.4984,993,0.066896286831279
45-54,18,Work,6.120538973432625,0.10200898289054375,14651840258.4984,993,0.10200898289054375
45-54,18,Education,0.11367411981288676,0.0018945686635481126,14651840258.4984,993,0.0018945686635481126
45-54,18,Household Activities,11.245759251141962,0.18742932085236602,14651840258.4984,993,0.18742932085236602
45-54,18,Leisure,30.75261089318106,0.512543514886351,14651840258.4984,993,0.512543514886351
45-54,18,Caregiving,2.811695903145064,0.04686159838575107,14651840258.4984,993,0.04686159838575107
45-54,18,Travel,4.9419436494096605,0.08236572749016101,14651840258.4984,993,0.08236572749016101
45-54,19,Sleep,5.096861685588748,0.08494769475981247,14651840258.4984,993,0.08494769475981247
45-54,19,Work,4.469096010728183,0.07448493351213639,14651840258.4984,993,0.07448493351213639
45-54,19,Education,0.1677964182095764,0.0027966069701596064,14651840258.4984,993,0.0027966069701596064
45-54,19,Household Activities,7.766112260751493,0.12943520434585823,14651840258.4984,993,0.12943520434585823
45-54,19,Leisure,36.1560101677113,0.602600169461855,14651840258.4984,993,0.602600169461855
45-54,19,Caregiving,2.7678646293505347,0.04613107715584224,14651840258.4984,993,0.04613107715584224
45-54,19,Travel,3.5762588276601623,0.05960431379433604,14651840258.4984,993,0.05960431379433604
45-54,20,Sleep,9.940299723980527,0.16567166206634212,14651840258.4984,993,0.16567166206634212
45-54,20,Work,3.982118532410953,0.06636864220684921,14651840258.4984,993,0.06636864220684921
45-54,20,Education,0.1512099754141796,0.0025201662569029936,14651840258.4984,993,0.0025201662569029936
45-54,20,Household Activities,4.789202852121725,0.07982004753536208,14651840258.4984,993,0.07982004753536208
45-54,20,Leisure,36.03618971284969,0.6006031618808282,14651840258.4984,993,0.6006031618808282
45-54,20,Caregiving,2.7613815668349475,0.046023026113915795,14651840258.4984,993,0.046023026113915795
45-54,20,Travel,2.339597636387979,0.03899329393979965,14651840258.4984,993,0.03899329393979965
45-54,21,Sleep,22.092074521920853,0.3682012420320142,14651840258.4984,993,0.36820124203201426
45-54,21,Work,3.2210486293677993,0.053684143822796654,14651840258.4984,993,0.05368414382279666
45-54,21,Education,0.1455884523236381,0.0024264742053939684,14651840258.4984,993,0.0024264742053939684
45-54,21,Household Activities,3.4863745735797806,0.058106242892996346,14651840258.4984,993,0.05810624289299635
45-54,21,Leisure,27.391690868902884,0.4565281811483814,14651840258.4984,993,0.45652818114838145
45-54,21,Caregiving,1.5289889410068767,0.025483149016781278,14651840258.4984,993,0.02548314901678128
45-54,21,Travel,2.134234012898159,0.035570566881635984,14651840258.4984,993,0.03557056688163599
45-54,22,Sleep,38.20585678986956,0.6367642798311592,14651840258.4984,993,0.6367642798311594
45-54,22,Work,2.528866111367744,0.04214776852279574,14651840258.4984,993,0.04214776852279574
45-54,22,Education,0.06616168113981939,0.0011026946856636565,14651840258.4984,993,0.0011026946856636567
45-54,22,Household Activities,1.967484742660454,0.03279141237767423,14651840258.4984,993,0.03279141237767424
45-54,22,Leisure,15.552402711761767,0.2592067118626961,14651840258.4984,993,0.2592067118626961
45-54,22,Caregiving,0.7412988377896922,0.012354980629828203,14651840258.4984,993,0.012354980629828205
45-54,22,Travel,0.9379291254109547,0.01563215209018258,14651840258.4984,993,0.01563215209018258
45-54,23,Sleep,49.400739312749494,0.8233456552124916,14651840258.4984,993,0.8233456552124917
45-54,23,Work,1.6687142796697625,0.02781190466116271,14651840258.4984,993,0.02781190466116271
45-54,23,Education,0.06616168113981939,0.0011026946856636565,14651840258.4984,993,0.0011026946856636567
45-54,23,Household Activities,0.8590223548132097,0.014317039246886827,14651840258.4984,993,0.014317039246886829
45-54,23,Leisure,7.115073929970489,0.11858456549950815,14651840258.4984,993,0.11858456549950816
45-54,23,Caregiving,0.4192806333853388,0.006988010556422313,14651840258.4984,993,0.006988010556422314
45-54,23,Travel,0.4710078082718828,0.007850130137864713,14651840258.4984,993,0.007850130137864715
55-64,0,Sleep,54.33084099951907,0.9055140166586512,15086059857.122107,1232,0.905514016658651
55-64,0,Work,1.1319847473228457,0.018866412455380763,15086059857.122107,1232,0.01886641245538076
55-64,0,Household Activities,0.4707644174914672,0.007846073624857787,15086059857.122107,1232,0.007846073624857786
55-64,0,Leisure,3.7733156687039195,0.06288859447839866,15086059857.122107,1232,0.06288859447839865
55-64,0,Caregiving,0.06262153811661517,0.0010436923019435862,15086059857.122107,1232,0.001043692301943586
55-64,0,Travel,0.2304726288460914,0.00384121048076819,15086059857.122107,1232,0.0038412104807681894
55-64,1,Sleep,56.4094041293855,0.9401567354897583,15086059857.122107,1232,0.9401567354897582
55-64,1,Work,1.0782602196467708,0.017971003660779514,15086059857.122107,1232,0.01797100366077951
55-64,1,Household Activities,0.15910070224609,0.0026516783707681664,15086059857.122107,1232,0.0026516783707681664
55-64,1,Leisure,2.190838318860151,0.036513971981002515,15086059857.122107,1232,0.036513971981002515
55-64,1,Caregiving,0.10220804440229841,0.0017034674067049735,15086059857.122107,1232,0.0017034674067049735
55-64,1,Travel,0.060188585459194144,0.0010031430909865692,15086059857.122107,1232,0.001003143090986569
55-64,2,Sleep,57.361238037561336,0.9560206339593555,15086059857.122107,1232,0.9560206339593555
55-64,2,Work,0.9959847403371271,0.016599745672285452,15086059857.122107,1232,0.016599745672285452
55-64,2,Household Activities,0.0685845058041552,0.0011430750967359202,15086059857.122107,1232,0.0011430750967359202
55-64,2,Leisure,1.4815083004228264,0.024691805007047107,15086059857.122107,1232,0.024691805007047107
55-64,2,Caregiving,0.04174769207774345,0.0006957948679623908,15086059857.122107,1232,0.0006957948679623908
55-64,2,Travel,0.05093672379681307,0.0008489453966135512,15086059857.122107,1232,0.0008489453966135512
55-64,3,Sleep,57.46875894169554,0.957812649028259,15086059857.122107,1232,0.957812649028259
55-64,3,Work,0.9042281381882336,0.015070468969803892,15086059857.122107,1232,0.015070468969803892
55-64,3,Household Activities,0.35773186334334,0.005962197722389,15086059857.122107,1232,0.005962197722389
55-64,3,Leisure,1.0885717135515562,0.01814286189252594,15086059857.122107,1232,0.01814286189252594
55-64,3,Travel,0.18070934322132526,0.0030118223870220875,15086059857.122107,1232,0.0030118223870220875
55-64,4,Sleep,53.77117283189639,0.8961862138649399,15086059857.122107,1232,0.8961862138649397
55-64,4,Work,1.6173672029614725,0.026956120049357876,15086059857.122107,1232,0.02695612004935787
55-64,4,Household Activities,0.7608766066730684,0.012681276777884474,15086059857.122107,1232,0.01268127677788447
55-64,4,Leisure,2.879098778899631,0.04798497964832718,15086059857.122107,1232,0.047984979648327174
55-64,4,Caregiving,0.22480249942242592,0.0037467083237070985,15086059857.122107,1232,0.0037467083237070977
55-64,4,Travel,0.7466820801470172,0.01244470133578362,15086059857.122107,1232,0.012444701335783617
55-64,5,Sleep,47.75313146858834,0.7958855244764724,15086059857.122107,1232,0.7958855244764724
55-64,5,Work,3.1481571809559217,0.052469286349265364,15086059857.122107,1232,0.052469286349265364
55-64,5,Household Activities,2.0370369929827175,0.03395061654971196,15086059857.122107,1232,0.03395061654971196
55-64,5,Leisure,4.61954011016138,0.07699233516935634,15086059857.122107,1232,0.07699233516935634
55-64,5,Caregiving,0.4129125413798579,0.006881875689664298,15086059857.122107,1232,0.006881875689664298
55-64,5,Travel,2.029221705931784,0.03382036176552973,15086059857.122107,1232,0.03382036176552973
55-64,6,Sleep,37.27045247401164,0.6211742079001941,15086059857.122107,1232,0.6211742079001941
55-64,6,Work,5.927936259392732,0.09879893765654553,15086059857.122107,1232,0.09879893765654553
55-64,6,Household Activities,4.565873893133548,0.07609789821889247,15086059857.122107,1232,0.07609789821889247
55-64,6,Leisure,7.9755924167480226,0.1329265402791337,15086059857.122107,1232,0.1329265402791337
55-64,6,Caregiving,0.7027113540224454,0.011711855900374091,15086059857.122107,1232,0.011711855900374091
55-64,6,Travel,3.55743360269161,0.05929056004486017,15086059857.122107,1232,0.05929056004486017
55-64,7,Sleep,24.540035900765098,0.409000598346085,15086059857.122107,1232,0.409000598346085
55-64,7,Work,11.422772457953839,0.19037954096589732,15086059857.122107,1232,0.19037954096589732
55-64,7,Education,0.021318713129884332,0.0003553118854980722,15086059857.122107,1232,0.0003553118854980722
55-64,7,Household Activities,7.447458274763019,0.12412430457938364,15086059857.122107,1232,0.12412430457938364
55-64,7,Leisure,11.930935185519843,0.19884891975866406,15086059857.122107,1232,0.19884891975866406
55-64,7,Caregiving,0.7084237759211832,0.01180706293201972,15086059857.122107,1232,0.01180706293201972
55-64,7,Travel,3.929055691947135,0.06548426153245225,15086059857.122107,1232,0.06548426153245225
55-64,8,Sleep,14.423990665797666,0.2403998444299611,15086059857.122107,1232,0.2403998444299611
55-64,8,Work,17.53545250759638,0.29225754179327296,15086059857.122107,1232,0.29225754179327296
55-64,8,Education,0.011000108415937116,0.0001833351402656186,15086059857.122107,1232,0.0001833351402656186
55-64,8,Household Activities,9.530754265163324,0.15884590441938873,15086059857.122107,1232,0.15884590441938873
55-64,8,Leisure,14.250360841735127,0.23750601402891877,15086059857.122107,1232,0.23750601402891877
55-64,8,Caregiving,1.0841501695964526,0.01806916949327421,15086059857.122107,1232,0.01806916949327421
55-64,8,Travel,3.1642914416951173,0.05273819069491862,15086059857.122107,1232,0.05273819069491862
55-64,9,Sleep,8.631237265870984,0.14385395443118307,15086059857.122107,1232,0.14385395443118307
55-64,9,Work,20.22955767544033,0.3371592945906722,15086059857.122107,1232,0.3371592945906722
55-64,9,Education,0.048996563784032,0.0008166093964005333,15086059857.122107,1232,0.0008166093964005333
55-64,9,Household Activities,10.480584099915793,0.17467640166526321,15086059857.122107,1232,0.17467640166526321
55-64,9,Leisure,14.866404641670675,0.24777341069451125,15086059857.122107,1232,0.24777341069451125
55-64,9,Caregiving,1.7943306090645783,0.029905510151076304,15086059857.122107,1232,0.029905510151076304
55-64,9,Travel,3.9488891442536063,0.06581481907089344,15086059857.122107,1232,0.06581481907089344
55-64,10,Sleep,5.776193406262149,0.09626989010436916,15086059857.122107,1232,0.09626989010436916
55-64,10,Work,20.22416027322584,0.33706933788709736,15086059857.122107,1232,0.33706933788709736
55-64,10,Education,0.0540018395831172,0.00090003065971862,15086059857.122107,1232,0.00090003065971862
55-64,10,Household Activities,11.508458512014899,0.19180764186691499,15086059857.122107,1232,0.19180764186691499
55-64,10,Leisure,16.36432966517504,0.2727388277529173,15086059857.122107,1232,0.2727388277529173
55-64,10,Caregiving,2.0752587002471894,0.03458764500411982,15086059857.122107,1232,0.03458764500411982
55-64,10,Travel,3.9975976034917684,0.0666266267248628,15086059857.122107,1232,0.0666266267248628
55-64,11,Sleep,5.307076940122216,0.08845128233537027,15086059857.122107,1232,0.08845128233537027
55-64,11,Work,19.27232171466242,0.3212053619110404,15086059857.122107,1232,0.3212053619110404
55-64,11,Education,0.059376647174592984,0.0009896107862432163,15086059857.122107,1232,0.0009896107862432163
55-64,11,Household Activities,11.892049404583313,0.19820082340972187,15086059857.122107,1232,0.19820082340972187
55-64,11,Leisure,17.72653055767771,0.29544217596129513,15086059857.122107,1232,0.29544217596129513
55-64,11,Caregiving,1.9257896856414958,0.032096494760691596,15086059857.122107,1232,0.032096494760691596
55-64,11,Travel,3.8168550501382508,0.06361425083563751,15086059857.122107,1232,0.06361425083563751
55-64,12,Sleep,4.669939771499024,0.07783232952498373,15086059857.122107,1232,0.07783232952498373
55-64,12,Work,16.32395632287621,0.2720659387146035,15086059857.122107,1232,0.2720659387146035
55-64,12,Education,0.07564522545334637,0.0012607537575557728,15086059857.122107,1232,0.0012607537575557728
55-64,12,Household Activities,11.173164934537725,0.18621941557562877,15086059857.122107,1232,0.18621941557562877
55-64,12,Leisure,21.738713670476546,0.36231189450794243,15086059857.122107,1232,0.36231189450794243
55-64,12,Caregiving,1.6192982000935692,0.02698830333489282,15086059857.122107,1232,0.02698830333489282
55-64,12,Travel,4.399281875063581,0.07332136458439302,15086059857.122107,1232,0.07332136458439302
55-64,13,Sleep,4.399261809596095,0.07332103015993492,15086059857.122107,1232,0.07332103015993492
55-64,13,Work,18.865232598276105,0.31442054330460173,15086059857.122107,1232,0.31442054330460173
55-64,13,Education,0.12351289540308831,0.0020585482567181384,15086059857.122107,1232,0.0020585482567181384
55-64,13,Household Activities,9.473328392723893,0.15788880654539822,15086059857.122107,1232,0.15788880654539822
55-64,13,Leisure,20.625434251267222,0.34375723752112036,15086059857.122107,1232,0.34375723752112036
55-64,13,Caregiving,2.2830109859637093,0.03805018309939515,15086059857.122107,1232,0.03805018309939515
55-64,13,Travel,4.230219066769887,0.07050365111283145,15086059857.122107,1232,0.07050365111283145
55-64,14,Sleep,3.126418689827737,0.052106978163795614,15086059857.122107,1232,0.052106978163795614
55-64,14,Work,18.033182429845795,0.3005530404974299,15086059857.122107,1232,0.3005530404974299
55-64,14,Education,0.17179328901749916,0.002863221483624986,15086059857.122107,1232,0.002863221483624986
55-64,14,Household Activities,10.224335420525733,0.17040559034209554,15086059857.122107,1232,0.17040559034209554
55-64,14,Leisure,20.990458684287855,0.34984097807146425,15086059857.122107,1232,0.34984097807146425
55-64,14,Caregiving,2.482896449151196,0.04138160748585327,15086059857.122107,1232,0.04138160748585327
55-64,14,Travel,4.970915037344186,0.08284858395573644,15086059857.122107,1232,0.08284858395573644
55-64,15,Sleep,3.18296005002752,0.05304933416712533,15086059857.122107,1232,0.05304933416712533
55-64,15,Work,16.574957716157215,0.27624929526928693,15086059857.122107,1232,0.27624929526928693
55-64,15,Education,0.18465969834166038,0.003077661639027673,15086059857.122107,1232,0.003077661639027673
55-64,15,Household Activities,10.17004973279211,0.1695008288798685,15086059857.122107,1232,0.1695008288798685
55-64,15,Leisure,22.044518051688186,0.36740863419480313,15086059857.122107,1232,0.36740863419480313
55-64,15,Caregiving,2.5097166101342063,0.04182861016890344,15086059857.122107,1232,0.04182861016890344
55-64,15,Travel,5.333138140859103,0.08888563568098505,15086059857.122107,1232,0.08888563568098505
55-64,16,Sleep,2.964937972590481,0.04941563287650801,15086059857.122107,1232,0.04941563287650801
55-64,16,Work,12.22905449616042,0.20381757493600702,15086059857.122107,1232,0.20381757493600702
55-64,16,Education,0.09319841919641854,0.0015533069866069755,15086059857.122107,1232,0.0015533069866069755
55-64,16,Household Activities,12.154105831587195,0.20256843052645326,15086059857.122107,1232,0.20256843052645326
55-64,16,Leisure,24.767617737030367,0.41279362895050614,15086059857.122107,1232,0.41279362895050614
55-64,16,Caregiving,2.4462224938586328,0.04077037489764388,15086059857.122107,1232,0.04077037489764388
55-64,16,Travel,5.344863049576486,0.08908105082627477,15086059857.122107,1232,0.08908105082627477
55-64,17,Sleep,3.217033344359953,0.05361722240599921,15086059857.122107,1232,0.05361722240599921
55-64,17,Work,6.683211561996211,0.11138685936660352,15086059857.122107,1232,0.11138685936660352
55-64,17,Education,0.009951221497114526,0.00016585369161857544,15086059857.122107,1232,0.00016585369161857544
55-64,17,Household Activities,13.215161615070064,0.22025269358450109,15086059857.122107,1232,0.22025269358450109
55-64,17,Leisure,29.400726299457617,0.49001210499096026,15086059857.122107,1232,0.49001210499096026
55-64,17,Caregiving,2.0428658965388564,0.034047764942314276,15086059857.122107,1232,0.034047764942314276
55-64,17,Travel,5.431050061080184,0.09051750101800307,15086059857.122107,1232,0.09051750101800307
55-64,18,Sleep,3.9880449007702388,0.06646741501283732,15086059857.122107,1232,0.06646741501283732
55-64,18,Work,3.7873007473574667,0.06312167912262444,15086059857.122107,1232,0.06312167912262444
55-64,18,Education,0.07332651939634627,0.0012221086566057712,15086059857.122107,1232,0.0012221086566057712
55-64,18,Household Activities,11.646573130016955,0.19410955216694925,15086059857.122107,1232,0.19410955216694925
55-64,18,Leisure,35.29158341077975,0.5881930568463292,15086059857.122107,1232,0.5881930568463292
55-64,18,Caregiving,1.3568189582437666,0.022613649304062778,15086059857.122107,1232,0.022613649304062778
55-64,18,Travel,3.8563523334354763,0.06427253889059127,15086059857.122107,1232,0.06427253889059127
55-64,19,Sleep,6.166717219382166,0.1027786203230361,15086059857.122107,1232,0.1027786203230361
55-64,19,Work,3.385984781918133,0.05643307969863555,15086059857.122107,1232,0.05643307969863555
55-64,19,Education,0.11387591403573503,0.0018979319005955838,15086059857.122107,1232,0.0018979319005955838
55-64,19,Household Activities,6.667342687321651,0.11112237812202751,15086059857.122107,1232,0.11112237812202751
55-64,19,Leisure,40.3690465904207,0.6728174431736783,15086059857.122107,1232,0.6728174431736783
55-64,19,Caregiving,1.294564952348003,0.021576082539133384,15086059857.122107,1232,0.021576082539133384
55-64,19,Travel,2.0024678545736094,0.03337446424289349,15086059857.122107,1232,0.03337446424289349
55-64,20,Sleep,10.320042999888118,0.17200071666480196,15086059857.122107,1232,0.17200071666480193
55-64,20,Work,3.0935960408704055,0.05155993401450676,15086059857.122107,1232,0.05155993401450675
55-64,20,Education,0.14815284359694753,0.0024692140599491255,15086059857.122107,1232,0.002469214059949125
55-64,20,Household Activities,4.82015806003097,0.08033596766718283,15086059857.122107,1232,0.08033596766718282
55-64,20,Leisure,39.288729320576195,0.6548121553429366,15086059857.122107,1232,0.6548121553429365
55-64,20,Caregiving,0.840962549600835,0.014016042493347251,15086059857.122107,1232,0.01401604249334725
55-64,20,Travel,1.488358185436531,0.024805969757275517,15086059857.122107,1232,0.024805969757275514
55-64,21,Sleep,23.207968936185953,0.3867994822697659,15086059857.122107,1232,0.38679948226976585
55-64,21,Work,2.0905234607229053,0.03484205767871509,15086059857.122107,1232,0.03484205767871509
55-64,21,Education,0.07808434152046069,0.0013014056920076782,15086059857.122107,1232,0.001301405692007678
55-64,21,Household Activities,3.372062636087554,0.05620104393479256,15086059857.122107,1232,0.056201043934792555
55-64,21,Leisure,29.83845724245821,0.49730762070763684,15086059857.122107,1232,0.4973076207076368
55-64,21,Caregiving,0.287524494118217,0.0047920749019702835,15086059857.122107,1232,0.004792074901970283
55-64,21,Travel,1.1253788889067045,0.01875631481511174,15086059857.122107,1232,0.018756314815111738
55-64,22,Sleep,39.80899515987362,0.6634832526645603,15086059857.122107,1232,0.6634832526645604
55-64,22,Work,1.7852945236726767,0.029754908727877945,15086059857.122107,1232,0.02975490872787795
55-64,22,Education,0.04873251261048536,0.0008122085435080894,15086059857.122107,1232,0.0008122085435080895
55-64,22,Household Activities,2.068684067823812,0.034478067797063534,15086059857.122107,1232,0.03447806779706354
55-64,22,Leisure,15.454999406177548,0.2575833234362925,15086059857.122107,1232,0.2575833234362925
55-64,22,Caregiving,0.12330880173372205,0.002055146695562034,15086059857.122107,1232,0.0020551466955620345
55-64,22,Travel,0.7099855281081354,0.01183309213513559,15086059857.122107,1232,0.011833092135135592
55-64,23,Sleep,49.308330638957536,0.8218055106492923,15086059857.122107,1232,0.8218055106492923
55-64,23,Work,1.5060981064732268,0.025101635107887113,15086059857.122107,1232,0.025101635107887113
55-64,23,Household Activities,0.780571930886323,0.013009532181438717,15086059857.122107,1232,0.013009532181438717
55-64,23,Leisure,7.8375374330566405,0.13062562388427734,15086059857.122107,1232,0.13062562388427734
55-64,23,Caregiving,0.0913188830062295,0.0015219813834371585,15086059857.122107,1232,0.0015219813834371585
55-64,23,Travel,0.47614300762004624,0.007935716793667438,15086059857.122107,1232,0.007935716793667438
65+,0,Sleep,55.7629724396861,0.9293828739947684,21865350793.675213,2678,0.9293828739947685
65+,0,Work,0.03891300055045705,0.0006485500091742842,21865350793.675213,2678,0.0006485500091742843
65+,0,Household Activities,0.26828834933228607,0.004471472488871434,21865350793.675213,2678,0.004471472488871435
65+,0,Leisure,3.841381685385274,0.06402302808975456,21865350793.675213,2678,0.06402302808975457
65+,0,Caregiving,0.0068125268248425165,0.00011354211374737528,21865350793.675213,2678,0.0001135421137473753
65+,0,Travel,0.08163199822103198,0.0013605333036838664,21865350793.675213,2678,0.0013605333036838666
65+,1,Sleep,57.46057412548866,0.9576762354248111,21865350793.675213,2678,0.9576762354248111
65+,1,Work,0.03001791579221756,0.0005002985965369594,21865350793.675213,2678,0.0005002985965369594
65+,1,Education,0.03073548173487779,0.0005122580289146298,21865350793.675213,2678,0.0005122580289146298
65+,1,Household Activities,0.2261610663596814,0.00376935110599469,21865350793.675213,2678,0.00376935110599469
65+,1,Leisure,2.1874864767596693,0.03645810794599449,21865350793.675213,2678,0.03645810794599449
65+,1,Caregiving,0.020463791224937453,0.00034106318708229086,21865350793.675213,2678,0.00034106318708229086
65+,1,Travel,0.04456114263995662,0.0007426857106659437,21865350793.675213,2678,0.0007426857106659437
65+,2,Sleep,58.190751967724616,0.9698458661287436,21865350793.675213,2678,0.9698458661287438
65+,2,Work,0.051054197930559014,0.0008509032988426502,21865350793.675213,2678,0.0008509032988426505
65+,2,Education,0.03073548173487779,0.0005122580289146298,21865350793.675213,2678,0.0005122580289146299
65+,2,Household Activities,0.24526181547174017,0.004087696924529003,21865350793.675213,2678,0.004087696924529004
65+,2,Leisure,1.4499596808382547,0.024165994680637577,21865350793.675213,2678,0.024165994680637584
65+,2,Caregiving,0.004852491901041486,8.08748650173581e-05,21865350793.675213,2678,8.087486501735812e-05
65+,2,Travel,0.027384364398898887,0.00045640607331498144,21865350793.675213,2678,0.00045640607331498155
65+,3,Sleep,58.12883331262654,0.9688138885437757,21865350793.675213,2678,0.9688138885437758
65+,3,Work,0.08334156600279735,0.0013890261000466225,21865350793.675213,2678,0.0013890261000466227
65+,3,Household Activities,0.23063054565678562,0.0038438424276130935,21865350793.675213,2678,0.003843842427613094
65+,3,Leisure,1.5114035277876776,0.025190058796461294,21865350793.675213,2678,0.025190058796461298
65+,3,Caregiving,0.027925934395732883,0.0004654322399288814,21865350793.675213,2678,0.00046543223992888145
65+,3,Travel,0.017865113530460854,0.00029775189217434755,21865350793.675213,2678,0.0002977518921743476
65+,4,Sleep,56.03462774814552,0.9339104624690919,21865350793.675213,2678,0.933910462469092
65+,4,Work,0.19753896961310896,0.0032923161602184826,21865350793.675213,2678,0.003292316160218483
65+,4,Household Activities,0.6891284438335099,0.011485474063891832,21865350793.675213,2678,0.011485474063891834
65+,4,Leisure,2.7130364044473563,0.04521727340745594,21865350793.675213,2678,0.045217273407455946
65+,4,Caregiving,0.040472312312399575,0.0006745385385399929,21865350793.675213,2678,0.000674538538539993
65+,4,Travel,0.3251961216480995,0.005419935360801658,21865350793.675213,2678,0.005419935360801659
65+,5,Sleep,52.609401145650146,0.8768233524275024,21865350793.675213,2678,0.8768233524275024
65+,5,Work,0.483939115874776,0.008065651931246266,21865350793.675213,2678,0.008065651931246266
65+,5,Education,0.003696522830710071,6.160871384516784e-05,21865350793.675213,2678,6.160871384516784e-05
65+,5,Household Activities,1.325432763699419,0.022090546061656984,21865350793.675213,2678,0.022090546061656984
65+,5,Leisure,5.084646016569725,0.0847441002761621,21865350793.675213,2678,0.0847441002761621
65+,5,Caregiving,0.0648508131953188,0.0010808468865886466,21865350793.675213,2678,0.0010808468865886466
65+,5,Travel,0.42803362217990193,0.007133893702998366,21865350793.675213,2678,0.007133893702998366
65+,6,Sleep,43.455621545912805,0.7242603590985468,21865350793.675213,2678,0.7242603590985468
65+,6,Work,1.2537376949001047,0.020895628248335078,21865350793.675213,2678,0.02089562824833508
65+,6,Education,0.014786091322840283,0.00024643485538067137,21865350793.675213,2678,0.0002464348553806714
65+,6,Household Activities,4.029149666796996,0.0671524944466166,21865350793.675213,2678,0.0671524944466166
65+,6,Leisure,10.017142124773473,0.16695236874622454,21865350793.675213,2678,0.16695236874622457
65+,6,Caregiving,0.3248575481228001,0.005414292468713335,21865350793.675213,2678,0.005414292468713336
65+,6,Travel,0.904705328170973,0.015078422136182884,21865350793.675213,2678,0.015078422136182885
65+,7,Sleep,29.739261222040277,0.4956543537006713,21865350793.675213,2678,0.4956543537006713
65+,7,Work,2.4768857609421078,0.04128142934903513,21865350793.675213,2678,0.04128142934903513
65+,7,Education,0.027159146521925037,0.00045265244203208395,21865350793.675213,2678,0.00045265244203208395
65+,7,Household Activities,7.982956587016772,0.13304927645027953,21865350793.675213,2678,0.13304927645027953
65+,7,Leisure,16.916538558707973,0.28194230931179953,21865350793.675213,2678,0.28194230931179953
65+,7,Caregiving,0.6943471873736778,0.01157245312289463,21865350793.675213,2678,0.01157245312289463
65+,7,Travel,2.162851537397268,0.0360475256232878,21865350793.675213,2678,0.0360475256232878
65+,8,Sleep,17.44134850761268,0.29068914179354466,21865350793.675213,2678,0.2906891417935447
65+,8,Work,3.684406127763509,0.061406768796058483,21865350793.675213,2678,0.06140676879605849
65+,8,Education,0.05952944625192434,0.0009921574375320724,21865350793.675213,2678,0.0009921574375320724
65+,8,Household Activities,12.284814936054085,0.2047469156009014,21865350793.675213,2678,0.20474691560090144
65+,8,Leisure,21.91789841893535,0.36529830698225585,21865350793.675213,2678,0.3652983069822559
65+,8,Caregiving,1.7597426518122252,0.02932904419687042,21865350793.675213,2678,0.029329044196870425
65+,8,Travel,2.8522599115702194,0.04753766519283699,21865350793.675213,2678,0.047537665192836996
65+,9,Sleep,10.277597623430262,0.1712932937238377,21865350793.675213,2678,0.1712932937238377
65+,9,Work,4.3953821357635015,0.07325636892939169,21865350793.675213,2678,0.07325636892939169
65+,9,Education,0.03541559763933635,0.0005902599606556058,21865350793.675213,2678,0.0005902599606556058
65+,9,Household Activities,15.527637788581776,0.2587939631430296,21865350793.675213,2678,0.2587939631430296
65+,9,Leisure,23.71961437596036,0.39532690626600603,21865350793.675213,2678,0.39532690626600603
65+,9,Caregiving,2.298474794904033,0.03830791324840055,21865350793.675213,2678,0.03830791324840055
65+,9,Travel,3.745877683720728,0.0624312947286788,21865350793.675213,2678,0.0624312947286788
65+,10,Sleep,5.683994669055259,0.09473324448425433,21865350793.675213,2678,0.09473324448425433
65+,10,Work,4.6547572676906,0.07757928779484334,21865350793.675213,2678,0.07757928779484334
65+,10,Education,0.04819802643274524,0.000803300440545754,21865350793.675213,2678,0.000803300440545754
65+,10,Household Activities,18.076471057031327,0.30127451761718876,21865350793.675213,2678,0.30127451761718876
65+,10,Leisure,25.147775750303698,0.419129595838395,21865350793.675213,2678,0.419129595838395
65+,10,Caregiving,2.31450029696428,0.03857500494940467,21865350793.675213,2678,0.03857500494940467
65+,10,Travel,4.074302932522089,0.06790504887536815,21865350793.675213,2678,0.06790504887536815
65+,11,Sleep,3.866093337055962,0.0644348889509327,21865350793.675213,2678,0.0644348889509327
65+,11,Work,4.469871912014428,0.07449786520024046,21865350793.675213,2678,0.07449786520024046
65+,11,Education,0.09672577591464782,0.0016120962652441302,21865350793.675213,2678,0.0016120962652441302
65+,11,Household Activities,17.690634067184824,0.29484390111974706,21865350793.675213,2678,0.29484390111974706
65+,11,Leisure,26.959567111677966,0.4493261185279661,21865350793.675213,2678,0.4493261185279661
65+,11,Caregiving,2.445052828916478,0.0407508804819413,21865350793.675213,2678,0.0407508804819413
65+,11,Travel,4.472054967235691,0.07453424945392818,21865350793.675213,2678,0.07453424945392818
65+,12,Sleep,3.575000321090196,0.0595833386848366,21865350793.675213,2678,0.059583338684836604
65+,12,Work,3.790341851710625,0.06317236419517708,21865350793.675213,2678,0.06317236419517709
65+,12,Education,0.07533629376579706,0.0012556048960966177,21865350793.675213,2678,0.001255604896096618
65+,12,Household Activities,15.655530976574457,0.26092551627624094,21865350793.675213,2678,0.260925516276241
65+,12,Leisure,30.035461673542134,0.5005910278923689,21865350793.675213,2678,0.500591027892369
65+,12,Caregiving,2.1729512742591277,0.03621585457098546,21865350793.675213,2678,0.036215854570985466
65+,12,Travel,4.6953776090576556,0.07825629348429426,21865350793.675213,2678,0.07825629348429426
65+,13,Sleep,4.484255457224637,0.07473759095374395,21865350793.675213,2678,0.07473759095374395
65+,13,Work,4.344373287275133,0.07240622145458554,21865350793.675213,2678,0.07240622145458556
65+,13,Education,0.07181818340187905,0.001196969723364651,21865350793.675213,2678,0.001196969723364651
65+,13,Household Activities,14.753773584720605,0.2458962264120101,21865350793.675213,2678,0.24589622641201012
65+,13,Leisure,29.63249030431861,0.49387483840531016,21865350793.675213,2678,0.4938748384053102
65+,13,Caregiving,2.23668432771223,0.03727807212853717,21865350793.675213,2678,0.037278072128537176
65+,13,Travel,4.476604855346902,0.07461008092244836,21865350793.675213,2678,0.07461008092244838
65+,14,Sleep,4.953375709843693,0.08255626183072821,21865350793.675213,2678,0.08255626183072821
65+,14,Work,4.384877080278525,0.07308128467130874,21865350793.675213,2678,0.07308128467130874
65+,14,Education,0.06996364250868856,0.0011660607084781427,21865350793.675213,2678,0.0011660607084781427
65+,14,Household Activities,13.946302010297924,0.23243836683829872,21865350793.675213,2678,0.23243836683829872
65+,14,Leisure,29.38973833912,0.4898289723186667,21865350793.675213,2678,0.4898289723186667
65+,14,Caregiving,2.7727429729788686,0.04621238288298114,21865350793.675213,2678,0.04621238288298114
65+,14,Travel,4.483000244972301,0.07471667074953835,21865350793.675213,2678,0.07471667074953835
65+,15,Sleep,4.686802014508745,0.07811336690847907,21865350793.675213,2678,0.07811336690847907
65+,15,Work,3.6554072481131037,0.060923454135218394,21865350793.675213,2678,0.060923454135218394
65+,15,Education,0.02834821705792593,0.00047247028429876547,21865350793.675213,2678,0.00047247028429876547
65+,15,Household Activities,13.852399043200078,0.23087331738666797,21865350793.675213,2678,0.23087331738666797
65+,15,Leisure,30.74060933303581,0.5123434888839301,21865350793.675213,2678,0.5123434888839301
65+,15,Caregiving,2.7242562073967638,0.0454042701232794,21865350793.675213,2678,0.0454042701232794
65+,15,Travel,4.312177936687571,0.07186963227812619,21865350793.675213,2678,0.07186963227812619
65+,16,Sleep,4.003580742327965,0.06672634570546608,21865350793.675213,2678,0.0667263457054661
65+,16,Work,2.728924596139421,0.04548207660232369,21865350793.675213,2678,0.04548207660232369
65+,16,Education,0.046120859567855166,0.0007686809927975861,21865350793.675213,2678,0.0007686809927975862
65+,16,Household Activities,13.699653895496047,0.2283275649249341,21865350793.675213,2678,0.22832756492493414
65+,16,Leisure,33.98148721612798,0.5663581202687997,21865350793.675213,2678,0.5663581202687997
65+,16,Caregiving,1.847360211191091,0.03078933685318485,21865350793.675213,2678,0.030789336853184853
65+,16,Travel,3.6928724791496315,0.06154787465249386,21865350793.675213,2678,0.06154787465249387
65+,17,Sleep,2.7628247041052596,0.04604707840175433,21865350793.675213,2678,0.04604707840175433
65+,17,Work,1.4855685921788382,0.02475947653631397,21865350793.675213,2678,0.02475947653631397
65+,17,Education,0.04723578699809638,0.0007872631166349396,21865350793.675213,2678,0.0007872631166349396
65+,17,Household Activities,12.595722648949879,0.2099287108158313,21865350793.675213,2678,0.2099287108158313
65+,17,Leisure,38.58641518666203,0.6431069197777005,21865350793.675213,2678,0.6431069197777005
65+,17,Caregiving,1.278356880927657,0.02130594801546095,21865350793.675213,2678,0.02130594801546095
65+,17,Travel,3.243876200178234,0.054064603336303904,21865350793.675213,2678,0.054064603336303904
65+,18,Sleep,2.9276333700336457,0.04879388950056076,21865350793.675213,2678,0.04879388950056076
65+,18,Work,0.8200901908376015,0.013668169847293358,21865350793.675213,2678,0.013668169847293358
65+,18,Education,0.02430879327127466,0.00040514655452124435,21865350793.675213,2678,0.00040514655452124435
65+,18,Household Activities,9.965950878698253,0.16609918131163756,21865350793.675213,2678,0.16609918131163756
65+,18,Leisure,42.952772346295845,0.7158795391049307,21865350793.675213,2678,0.7158795391049307
65+,18,Caregiving,1.0341951058277865,0.017236585097129775,21865350793.675213,2678,0.017236585097129775
65+,18,Travel,2.275049315035589,0.03791748858392648,21865350793.675213,2678,0.03791748858392648
65+,19,Sleep,3.6921000039793883,0.06153500006632314,21865350793.675213,2678,0.06153500006632314
65+,19,Work,0.6503319833540426,0.010838866389234043,21865350793.675213,2678,0.010838866389234043
65+,19,Education,0.0016327487736463298,2.7212479560772162e-05,21865350793.675213,2678,2.7212479560772162e-05
65+,19,Household Activities,6.534824891869112,0.10891374819781854,21865350793.675213,2678,0.10891374819781854
65+,19,Leisure,46.453188195532945,0.7742198032588824,21865350793.675213,2678,0.7742198032588824
65+,19,Caregiving,0.9189004203916491,0.015315007006527485,21865350793.675213,2678,0.015315007006527485
65+,19,Travel,1.7490217560992123,0.02915036260165354,21865350793.675213,2678,0.02915036260165354
65+,20,Sleep,7.93842074295777,0.13230701238262949,21865350793.675213,2678,0.1323070123826295
65+,20,Work,0.33498005125601843,0.005583000854266973,21865350793.675213,2678,0.005583000854266974
65+,20,Education,0.021210956836931923,0.0003535159472821987,21865350793.675213,2678,0.00035351594728219875
65+,20,Household Activities,3.7420489295620363,0.06236748215936727,21865350793.675213,2678,0.06236748215936728
65+,20,Leisure,45.93248083600018,0.7655413472666697,21865350793.675213,2678,0.7655413472666698
65+,20,Caregiving,0.7631782978907797,0.012719638298179662,21865350793.675213,2678,0.012719638298179663
65+,20,Travel,1.267680185496282,0.0211280030916047,21865350793.675213,2678,0.021128003091604702
65+,21,Sleep,19.67729054900529,0.3279548424834215,21865350793.675213,2678,0.3279548424834215
65+,21,Work,0.28381821137870017,0.004730303522978336,21865350793.675213,2678,0.004730303522978337
65+,21,Education,0.039433669125230754,0.0006572278187538459,21865350793.675213,2678,0.000657227818753846
65+,21,Household Activities,2.5804120118397647,0.04300686686399608,21865350793.675213,2678,0.04300686686399608
65+,21,Leisure,36.35477475263612,0.6059129125439353,21865350793.675213,2678,0.6059129125439354
65+,21,Caregiving,0.33248199312450616,0.0055413665520751025,21865350793.675213,2678,0.005541366552075103
65+,21,Travel,0.7317888128903839,0.012196480214839732,21865350793.675213,2678,0.012196480214839734
65+,22,Sleep,36.76732335849965,0.6127887226416608,21865350793.675213,2678,0.6127887226416608
65+,22,Work,0.21144383845934558,0.0035240639743224266,21865350793.675213,2678,0.0035240639743224266
65+,22,Education,0.04276278406599932,0.0007127130677666554,21865350793.675213,2678,0.0007127130677666554
65+,22,Household Activities,1.0022459870326397,0.016704099783877328,21865350793.675213,2678,0.016704099783877328
65+,22,Leisure,21.412004486476953,0.35686674144128255,21865350793.675213,2678,0.35686674144128255
65+,22,Caregiving,0.15720866697532349,0.002620144449588725,21865350793.675213,2678,0.002620144449588725
65+,22,Travel,0.40701087849008083,0.006783514641501347,21865350793.675213,2678,0.006783514641501347
65+,23,Sleep,49.74528221901513,0.8290880369835855,21865350793.675213,2678,0.8290880369835856
65+,23,Work,0.08862731281801269,0.0014771218803002115,21865350793.675213,2678,0.0014771218803002115
65+,23,Household Activities,0.3709038046290448,0.006181730077150747,21865350793.675213,2678,0.0061817300771507475
65+,23,Leisure,9.475109122247712,0.1579184853707952,21865350793.675213,2678,0.15791848537079523
65+,23,Caregiving,0.11828498496029405,0.001971416416004901,21865350793.675213,2678,0.0019714164160049012
65+,23,Travel,0.20179255632979834,0.0033632092721633056,21865350793.675213,2678,0.003363209272163306
